image,name,start_price,type
https://platform.cstatic-images.com/medium/in/v2/stock_photos/acfa8d9a-211a-49bc-bd7e-a4eec8705ac6/c3337dae-2d0a-45b0-966a-81e08fe26364.png,2024 Mazda MX-5 Miata RF,"37,010",Electric Vehicle
https://platform.cstatic-images.com/medium/in/v2/stock_photos/183c681d-dc9c-4b6e-86a9-d7e729aacd63/7ca682a0-81a4-43b3-94b5-c349df6c4d38.png,2025 BMW Z4,"54,050",Electric Vehicle
https://platform.cstatic-images.com/medium/in/v2/stock_photos/c04a62c7-147a-4d68-bcc0-f88463c8a586/7e98902c-b3e2-4625-b6f9-54cc8bdfb897.png,2024 MINI Convertible,"35,700",Electric Vehicle
https://platform.cstatic-images.com/medium/in/v2/stock_photos/ff81f70d-e6da-41ed-b71f-8b6b428383eb/8e75af4c-0093-4e71-9e27-135d6fe48b00.png,2024 Porsche 718 Boxster,"70,400",Electric Vehicle
https://platform.cstatic-images.com/medium/in/v2/stock_photos/ebc67fed-2cde-4e19-a4de-7eefbede5cb5/ac2a89a6-66f1-44d6-a388-b588047d8d43.png,2024 Mazda MX-5 Miata,"28,985",Electric Vehicle
https://platform.cstatic-images.com/medium/in/v2/stock_photos/4fb751b4-6485-478a-b4af-005b09b36b0f/13049b68-094c-4d6e-a5cb-bdafb9ff581f.png,2024 Mercedes-Benz AMG SL 43,"111,800",Electric Vehicle
https://platform.cstatic-images.com/medium/in/v2/stock_photos/e3cb9b51-f233-45e4-916a-9901c1585c83/2580a9dd-7d83-4922-ab5b-0351d8864284.png,2024 Audi RS 5,"79,600",Electric Vehicle
https://platform.cstatic-images.com/medium/in/v2/stock_photos/e4bf9d03-bb4a-471b-a78b-ac0919e5b1bd/154abab3-158f-46fe-b019-8dc6a15b370b.png,2025 BMW M850,"106,300",Electric Vehicle
https://platform.cstatic-images.com/medium/in/v2/stock_photos/2c2ee7a9-aa4f-40da-ab07-5a45a2e45b6b/f9d06a71-2801-447a-bbd7-cf4eda007156.png,2024 Chevrolet Corvette,"68,300",Electric Vehicle
https://platform.cstatic-images.com/medium/in/v2/stock_photos/04cb0534-54ea-4fdf-a61b-7dc884a75130/a425603c-1eee-456d-835e-d07de0cb7aac.png,2025 BMW 430,"50,700",Electric Vehicle
https://platform.cstatic-images.com/medium/in/v2/stock_photos/988398e7-4c15-40de-8fc5-fda2106e1e55/6c609920-82f3-4762-b425-c5029d61d0db.png,2024 Lexus RC 300,"44,770",Electric Vehicle
https://platform.cstatic-images.com/medium/in/v2/stock_photos/99e3b63a-4823-4cf0-9323-bfaff3616e66/7ea3e7ff-f3bf-4f8a-b31d-e0642ffe0ca9.png,2024 Nissan Z,"42,970",Electric Vehicle
https://platform.cstatic-images.com/medium/in/v2/stock_photos/ca170c01-ba6c-43de-8e16-b546f26f716b/f28500bd-5c56-46f7-a32c-5457eb76b1a3.png,2024 Chevrolet Equinox EV,"41,900",Electric Vehicle
https://platform.cstatic-images.com/medium/in/v2/stock_photos/3d76cb38-a0ef-4331-986c-9bfedf022850/85f09897-3bf9-4272-9d5a-263889e601d2.png,2024 BMW i7,"105,700",Electric Vehicle
https://platform.cstatic-images.com/medium/in/v2/stock_photos/03d07c4e-cbc7-4824-b10b-26570da2ba4e/e5441433-de8b-424f-974c-dcd01614c2f2.png,2024 Volkswagen ID.4,"39,735",Electric Vehicle
https://platform.cstatic-images.com/medium/in/v2/stock_photos/acfd2e01-eac2-4a84-afd8-8d58af1a16f5/b888d3c3-fa32-43ba-bf9f-32db9ecb34b2.png,2024 Toyota bZ4X,"43,070",Electric Vehicle
https://platform.cstatic-images.com/medium/in/v2/stock_photos/ab372841-8d9c-4be5-8b38-098c55c12175/2f73795a-d411-40df-b4fd-09adcfa52ff9.png,2024 Lucid Air,"69,900",Electric Vehicle
https://platform.cstatic-images.com/medium/in/v2/stock_photos/57b9196e-0a86-470d-81f0-5bf1fb0216b9/be13a0b4-83ad-4780-841d-8ce160391606.png,2024 Audi RS e-tron GT,"147,100",Electric Vehicle
https://platform.cstatic-images.com/medium/in/v2/stock_photos/d782b69b-74b9-458d-8880-126b0caf3d02/0073cd67-2d40-43d7-abb5-d187ffcc70d7.png,2024 Honda Civic Type R,"44,795",Electric Vehicle
https://platform.cstatic-images.com/medium/in/v2/stock_photos/0424213a-8344-4b68-9095-e38a57c9a1f6/165f36fa-6d18-4433-9347-bd13081d3c46.png,2024 Kia Soul,"20,190",Electric Vehicle
https://platform.cstatic-images.com/medium/in/v2/stock_photos/4cce5318-5d85-4a59-90a2-6c93e3b3154a/a40e45c5-afba-4e46-a170-853842ea09a8.png,2024 Toyota GR Corolla,"36,500",Electric Vehicle
https://platform.cstatic-images.com/medium/in/v2/stock_photos/f92df8fe-97d9-48cf-acdd-385224bd345c/3ac0b975-8bc9-41c5-890d-cca4b4b84b74.png,2024 FIAT 500e,"32,500",Electric Vehicle
https://platform.cstatic-images.com/medium/in/v2/stock_photos/72330740-8105-498b-987c-46354017d84c/3c2fc66d-cd14-43d5-a20f-2489b56cd11f.png,2024 Audi RS 7,"127,800",Electric Vehicle
https://platform.cstatic-images.com/medium/in/v2/stock_photos/994ade1f-5fe2-4afc-b704-b2017de8b64e/10ddb657-3d59-4f6c-b2ee-ee9db9e7c718.png,2024 Toyota Corolla Hatchback,"23,505",Electric Vehicle
https://platform.cstatic-images.com/medium/in/v2/stock_photos/429ab5d4-c4a4-46e7-94e4-11f3186a003e/8ef81d3d-385e-4567-b0e6-48ba45844674.png,2024 Nissan Titan,"46,690",Electric Vehicle
https://platform.cstatic-images.com/medium/in/v2/stock_photos/001ad4d5-f932-457d-9a20-a899d54f567f/7b02acfd-78eb-44d1-b4c3-62e79d3502f7.png,2024 GMC Sierra 2500,"45,400",Electric Vehicle
https://platform.cstatic-images.com/medium/in/v2/stock_photos/6ffc12c3-c1a9-44db-93fb-3988ef29c43b/9e145867-eb96-4efd-a9b8-cbea7b1efdc1.png,2024 Toyota Tundra,"39,965",Electric Vehicle
https://platform.cstatic-images.com/medium/in/v2/stock_photos/7c7c6148-7aa5-429a-a9a9-ff3b322158b4/f308bd4f-20a9-46ec-8793-f396c0cb7532.png,2024 Ford F-250,"44,970",Electric Vehicle
https://platform.cstatic-images.com/medium/in/v2/stock_photos/65e1cf3a-d193-4144-86bf-d2ca2e757c63/0a229193-9760-4243-b75e-ef2209309b62.png,2024 Chevrolet Silverado 1500,"36,800",Electric Vehicle
https://platform.cstatic-images.com/medium/in/v2/stock_photos/15252741-eb5a-4ba1-bb79-eb3e5c2e7c6a/d6ac2bfa-3e9c-45dd-9365-5bdfc5aae9e1.png,2024 Ford F-350,"46,015",Electric Vehicle
https://platform.cstatic-images.com/medium/in/v2/stock_photos/72ff00b5-137a-4fb4-8a41-b2e8ae53ec3d/bb6ff0a0-e24c-43c0-b139-417bc39df8a0.png,2024 Lexus IS 300,"40,085",Electric Vehicle
https://platform.cstatic-images.com/medium/in/v2/stock_photos/6d5f87eb-3d98-4544-a851-af3f7841f2ab/1b706e58-ed6c-4b8a-b8cf-65e9d60eb3ff.png,2024 BMW M235 Gran Coupe,"48,300",Electric Vehicle
https://platform.cstatic-images.com/medium/in/v2/stock_photos/f2dc5f90-092f-4ae3-8954-2d0d66ccdf88/7e60b468-6e78-47b9-91cf-f5e53eeea232.png,2024 Hyundai IONIQ 6,"37,500",Electric Vehicle
https://platform.cstatic-images.com/medium/in/v2/stock_photos/3f491533-8bdc-4a64-8e63-3a74eff8c200/ecafb3b6-d95b-461e-9a92-db54aa9d5948.png,2024 Audi S3,"47,400",Electric Vehicle
https://platform.cstatic-images.com/medium/in/v2/stock_photos/57b9196e-0a86-470d-81f0-5bf1fb0216b9/be13a0b4-83ad-4780-841d-8ce160391606.png,2024 Audi RS e-tron GT,"147,100",Electric Vehicle
https://platform.cstatic-images.com/medium/in/v2/stock_photos/a27b9652-b8e7-4905-a0d2-02cb289b473e/bc19cc0a-f7c3-4dd4-940d-4c0d9897d396.png,2024 Subaru WRX,"32,735",Electric Vehicle
https://platform.cstatic-images.com/medium/in/v2/stock_photos/05ff0e4e-a6b3-4ad0-91ad-7c6e35ca939c/ade3794a-60a6-4fc9-a13b-b834fe3063e2.png,2025 Hyundai IONIQ 5 N,"66,100",Electric Vehicle
https://platform.cstatic-images.com/medium/in/v2/stock_photos/83badad3-33fb-476a-b976-cbc2c4149109/2246031e-7a1c-42c7-82fd-7050d6ffdc62.png,2024 Ford Bronco,"39,630",Electric Vehicle
https://platform.cstatic-images.com/medium/in/v2/stock_photos/24c3f693-a4a7-4427-9679-5b38d2ca1aba/98bcb5ce-faaf-48b0-86e5-a86f1641acd8.png,2024 Genesis GV60,"52,000",Electric Vehicle
https://platform.cstatic-images.com/medium/in/v2/stock_photos/64e45c5f-7211-4e43-8cc8-f9d19f6056e0/15cdd406-2722-484a-b9c7-eaccf75a77a3.png,2024 Mazda CX-90 PHEV,"49,945",Electric Vehicle
https://platform.cstatic-images.com/medium/in/v2/stock_photos/a54313c5-a6f7-453b-b2db-d1229654fad1/928f415e-3697-416c-82b8-c0312eaf2f20.png,2024 Hyundai Kona EV,"32,675",Electric Vehicle
https://platform.cstatic-images.com/medium/in/v2/stock_photos/d2279557-1c44-4bd7-943b-e7e2a623f42d/bead1a83-135d-4a1b-b8e6-9f9e07294f74.png,2024 Mitsubishi Eclipse Cross,"26,345",Electric Vehicle
https://platform.cstatic-images.com/medium/in/v2/stock_photos/a10dd527-a068-4083-ac43-e9f0140fb227/88529174-5e8a-4629-9aa3-8f0bda6377c4.png,2024 GMC Savana 3500,"43,800",Electric Vehicle
https://platform.cstatic-images.com/medium/in/v2/stock_photos/3a69b615-e3ac-4d23-a6cd-da2101f837a6/982a9011-4fd9-4764-81a4-a3ffd09bf34f.png,2024 Mercedes-Benz Sprinter 2500,"49,900",Electric Vehicle
https://platform.cstatic-images.com/medium/in/v2/stock_photos/024996d5-5e9d-44a3-80b0-4d7ae91da0bc/7cbd9f23-9850-492a-9b9e-ce83159827ae.png,2024 Toyota Sienna,"37,685",Electric Vehicle
https://platform.cstatic-images.com/medium/in/v2/stock_photos/6bb34d20-d7d9-467c-894a-c18de79c1ffc/60409791-2ec5-4597-aab0-2e06f6762381.png,2024 Kia Carnival,"33,600",Electric Vehicle
https://platform.cstatic-images.com/medium/in/v2/stock_photos/a9720ba4-e26b-40a2-ab51-d36528e07871/ecfa6741-6a8d-47f2-8ee4-d0acacf7cb0c.png,2024 Chevrolet Express 2500,"40,700",Electric Vehicle
https://platform.cstatic-images.com/medium/in/v2/stock_photos/39b971a9-1e7f-4d0e-99c0-181a9b09a7c3/3e71d74e-5347-4e94-a9cd-f8dc9ead200f.png,2024 Honda Odyssey,"38,240",Electric Vehicle
https://platform.cstatic-images.com/medium/in/v2/stock_photos/d7670fdb-ff04-42d3-94b7-16d97c772174/ee5dd154-3cd6-4774-bfc4-201d60a1ed9c.png,2025 Porsche Taycan Cross Turismo,"111,100",Electric Vehicle
https://platform.cstatic-images.com/medium/in/v2/stock_photos/e5e1a559-bda3-4c95-856b-de3c73d1e319/262575ea-b6c0-4a83-968c-3f03a516fcc9.png,2024 MINI Clubman,"34,050",Electric Vehicle
https://platform.cstatic-images.com/medium/in/v2/stock_photos/de8d1c71-44bc-49d7-9754-7757d1ae2685/8625596a-76fd-4d46-9547-5d22a6c3d0a4.png,2024 Audi A4 allroad,"47,600",Electric Vehicle
https://platform.cstatic-images.com/medium/in/v2/stock_photos/d6c00534-29b1-4b0c-8e4c-afdf264bee2f/a8e4361a-dd64-4437-819b-84c7d02fc87c.png,2024 Volvo V60 Recharge Plug-In Hybrid,"71,250",Electric Vehicle
https://platform.cstatic-images.com/medium/in/v2/stock_photos/64e00059-791b-4dfd-bb58-8a98e36a3cf7/4d15223b-9f52-4fb0-b777-78b69526d777.png,2024 Audi RS 6 Avant,"125,800",Electric Vehicle
https://platform.cstatic-images.com/medium/in/v2/stock_photos/01ca118d-7064-4146-aed6-9a485755e8d8/927967e3-842f-4c3f-851b-fc8714591f78.png,2024 Kia Telluride,"36,190",Electric Vehicle
https://platform.cstatic-images.com/medium/in/v2/stock_photos/7e300871-2767-4a99-8644-d45bf4e3b59e/ead84a8d-1185-4327-a41c-58fac073687a.png,2024 Genesis Electrified GV70,"66,450",Electric Vehicle
https://platform.cstatic-images.com/medium/in/v2/stock_photos/1f188042-cb21-4d12-b0c2-c9bf796fcb2e/500161f1-c5b0-4e05-acc4-ea64d0029cf5.png,2024 Chevrolet Trax,"20,400",Electric Vehicle
https://platform.cstatic-images.com/medium/in/v2/stock_photos/1a441a85-229f-4ef1-a688-2e81105ae1d1/c7a05184-15e2-40b8-b01b-58a1f04f6909.png,2024 Ford F-250,"44,970",Electric Vehicle
https://platform.cstatic-images.com/medium/in/v2/stock_photos/f4705bb2-a8ac-42b9-aa7a-6007a5be1972/cf2cc806-9dcf-4f36-9fce-7411677d2658.png,2024 Ford F-350,"46,015",Electric Vehicle
https://platform.cstatic-images.com/medium/in/v2/stock_photos/99fad16a-3c8c-431f-9dc6-39f6c2c1e874/5fcba20a-ac86-4a3d-bbc0-f4f32de1385d.png,2024 Jeep Wrangler 4xe,"50,695",Electric Vehicle
https://platform.cstatic-images.com/medium/in/v2/stock_photos/e7617927-768f-46c2-9fdb-0ddd20ab374d/618c3295-feb4-40d2-8df5-00ae04ebb8dd.png,2024 Jeep Wrangler,"31,995",Electric Vehicle
https://platform.cstatic-images.com/medium/in/v2/stock_photos/c7cebe61-27c0-4b89-a820-fe0b24766572/1c51062e-c1cc-498c-9de6-3c4e235c6fa7.png,2024 Hyundai IONIQ 5,"41,800",Electric Vehicle
https://platform.cstatic-images.com/medium/in/v2/stock_photos/acfa8d9a-211a-49bc-bd7e-a4eec8705ac6/c3337dae-2d0a-45b0-966a-81e08fe26364.png,2024 Mazda MX-5 Miata RF,"37,010",Sedan
https://platform.cstatic-images.com/medium/in/v2/stock_photos/183c681d-dc9c-4b6e-86a9-d7e729aacd63/7ca682a0-81a4-43b3-94b5-c349df6c4d38.png,2025 BMW Z4,"54,050",Sedan
https://platform.cstatic-images.com/medium/in/v2/stock_photos/c04a62c7-147a-4d68-bcc0-f88463c8a586/7e98902c-b3e2-4625-b6f9-54cc8bdfb897.png,2024 MINI Convertible,"35,700",Sedan
https://platform.cstatic-images.com/medium/in/v2/stock_photos/ff81f70d-e6da-41ed-b71f-8b6b428383eb/8e75af4c-0093-4e71-9e27-135d6fe48b00.png,2024 Porsche 718 Boxster,"70,400",Sedan
https://platform.cstatic-images.com/medium/in/v2/stock_photos/ebc67fed-2cde-4e19-a4de-7eefbede5cb5/ac2a89a6-66f1-44d6-a388-b588047d8d43.png,2024 Mazda MX-5 Miata,"28,985",Sedan
https://platform.cstatic-images.com/medium/in/v2/stock_photos/4fb751b4-6485-478a-b4af-005b09b36b0f/13049b68-094c-4d6e-a5cb-bdafb9ff581f.png,2024 Mercedes-Benz AMG SL 43,"111,800",Sedan
https://platform.cstatic-images.com/medium/in/v2/stock_photos/e57a9053-13eb-4bdd-ab80-4c31a019f115/32b293ce-ac72-4f00-a097-546e02001e13.png,2024 Toyota GR Supra,"46,440",Sedan
https://platform.cstatic-images.com/medium/in/v2/stock_photos/efe40fe1-00b9-427d-b632-a2a4b8cfb1a2/b9669147-7a9b-4d1b-b637-1d93593530ec.png,2024 Mercedes-Benz CLE 300,"56,500",Sedan
https://platform.cstatic-images.com/medium/in/v2/stock_photos/2c2ee7a9-aa4f-40da-ab07-5a45a2e45b6b/f9d06a71-2801-447a-bbd7-cf4eda007156.png,2024 Chevrolet Corvette,"68,300",Sedan
https://platform.cstatic-images.com/medium/in/v2/stock_photos/4dbb1c39-9e19-4395-9d70-32a215cb0170/ab48d275-b663-4a80-8553-d7f81a4d2508.png,2024 Toyota GR86,"29,300",Sedan
https://platform.cstatic-images.com/medium/in/v2/stock_photos/1043ca46-8ed6-4232-aa44-5de9ba3609d9/3ab99820-bcd5-44fd-838e-9bed4d122d7a.png,2024 Audi A5,"48,400",Sedan
https://platform.cstatic-images.com/medium/in/v2/stock_photos/28789016-f52c-49bf-ba30-fc58db1db3ba/aef5185b-0d88-47da-a93b-5bc273a1f204.png,2024 Mercedes-Benz CLE 450,"65,650",Sedan
https://platform.cstatic-images.com/medium/in/v2/stock_photos/05ff0e4e-a6b3-4ad0-91ad-7c6e35ca939c/ade3794a-60a6-4fc9-a13b-b834fe3063e2.png,2025 Hyundai IONIQ 5 N,"66,100",Sedan
https://platform.cstatic-images.com/medium/in/v2/stock_photos/c2090fd5-5b5f-47f2-990a-9786f86c626c/b484111c-ef99-4663-bff3-06fcd232f33c.png,2024 Nissan Leaf,"28,140",Sedan
https://platform.cstatic-images.com/medium/in/v2/stock_photos/1396e1a1-4fb4-429f-b69f-761a3e405c17/12b83994-aa91-403a-9ba1-7d0b2614577e.png,2024 Mercedes-Benz EQE 500,"85,900",Sedan
https://platform.cstatic-images.com/medium/in/v2/stock_photos/50931bd8-d51b-4b93-bf90-5a3dec904354/24f8ab81-9c40-41d1-af92-3a608fad41f8.png,2024 Chevrolet Blazer EV,"48,800",Sedan
https://platform.cstatic-images.com/medium/in/v2/stock_photos/c3c46689-25db-4af5-bb0c-84c7252cdf53/cf52e21f-cba4-4826-9977-386b6ae1f10e.png,2024 Ford F-150 Lightning,"54,995",Sedan
https://platform.cstatic-images.com/medium/in/v2/stock_photos/acfa8d9a-211a-49bc-bd7e-a4eec8705ac6/c3337dae-2d0a-45b0-966a-81e08fe26364.png,2024 Mazda MX-5 Miata RF,"37,010",Suv
https://platform.cstatic-images.com/medium/in/v2/stock_photos/5230b11c-4110-4361-8e91-c6c3002708b4/7918b020-8d8b-403f-8e64-b0e5f76cd9d2.png,2024 Mercedes-Benz EQE 350,"77,900",Sedan
https://platform.cstatic-images.com/medium/in/v2/stock_photos/183c681d-dc9c-4b6e-86a9-d7e729aacd63/7ca682a0-81a4-43b3-94b5-c349df6c4d38.png,2025 BMW Z4,"54,050",Suv
https://platform.cstatic-images.com/medium/in/v2/stock_photos/c04a62c7-147a-4d68-bcc0-f88463c8a586/7e98902c-b3e2-4625-b6f9-54cc8bdfb897.png,2024 MINI Convertible,"35,700",Suv
https://platform.cstatic-images.com/medium/in/v2/stock_photos/0424213a-8344-4b68-9095-e38a57c9a1f6/165f36fa-6d18-4433-9347-bd13081d3c46.png,2024 Kia Soul,"20,190",Sedan
https://platform.cstatic-images.com/medium/in/v2/stock_photos/f92df8fe-97d9-48cf-acdd-385224bd345c/3ac0b975-8bc9-41c5-890d-cca4b4b84b74.png,2024 FIAT 500e,"32,500",Sedan
https://platform.cstatic-images.com/medium/in/v2/stock_photos/ff81f70d-e6da-41ed-b71f-8b6b428383eb/8e75af4c-0093-4e71-9e27-135d6fe48b00.png,2024 Porsche 718 Boxster,"70,400",Suv
https://platform.cstatic-images.com/medium/in/v2/stock_photos/ebc67fed-2cde-4e19-a4de-7eefbede5cb5/ac2a89a6-66f1-44d6-a388-b588047d8d43.png,2024 Mazda MX-5 Miata,"28,985",Suv
https://platform.cstatic-images.com/medium/in/v2/stock_photos/4fb751b4-6485-478a-b4af-005b09b36b0f/13049b68-094c-4d6e-a5cb-bdafb9ff581f.png,2024 Mercedes-Benz AMG SL 43,"111,800",Suv
https://platform.cstatic-images.com/medium/in/v2/stock_photos/e51cb433-ca20-4a19-815b-d8aa4ec5550d/f3d87057-d22b-45fa-97fc-f6ee2c535c9c.png,2024 MINI SE Hardtop,"30,900",Sedan
https://platform.cstatic-images.com/medium/in/v2/stock_photos/e3cb9b51-f233-45e4-916a-9901c1585c83/2580a9dd-7d83-4922-ab5b-0351d8864284.png,2024 Audi RS 5,"79,600",Suv
https://platform.cstatic-images.com/medium/in/v2/stock_photos/ba9f475b-1984-4dff-9ead-2f2e93a6c3e5/01b1092b-7eb3-46a6-8800-0e97e5231da2.png,2024 Ford Mustang,"30,920",Suv
https://platform.cstatic-images.com/medium/in/v2/stock_photos/8cc82c2d-982d-4993-8144-e9cbeb754fd3/42ba2b46-997b-4c15-b5b6-599064e50b52.png,2024 Chevrolet Camaro,"30,900",Suv
https://platform.cstatic-images.com/medium/in/v2/stock_photos/ee656f40-a1a3-4c5a-96b7-bac66dd0c88f/027f9e5c-be56-4f46-8ea7-b5b038fa1dd2.png,2024 BMW 230,"38,800",Suv
https://platform.cstatic-images.com/medium/in/v2/stock_photos/994ade1f-5fe2-4afc-b704-b2017de8b64e/10ddb657-3d59-4f6c-b2ee-ee9db9e7c718.png,2024 Toyota Corolla Hatchback,"23,505",Sedan
https://platform.cstatic-images.com/medium/in/v2/stock_photos/c2090fd5-5b5f-47f2-990a-9786f86c626c/b484111c-ef99-4663-bff3-06fcd232f33c.png,2024 Nissan Leaf,"28,140",Sedan
https://platform.cstatic-images.com/medium/in/v2/stock_photos/72229c63-3fc3-4154-9662-d4e0225173a1/1236589a-c9f3-437b-9c7c-93b03a65de76.png,2024 Volkswagen Golf R,"45,665",Sedan
https://platform.cstatic-images.com/medium/in/v2/stock_photos/ce1951d9-9530-4e70-817f-35eeaabd7082/620357df-15d4-4b41-a201-2e93b806e7bf.png,2024 Ford F-150,"36,770",Sedan
https://platform.cstatic-images.com/medium/in/v2/stock_photos/001ad4d5-f932-457d-9a20-a899d54f567f/7b02acfd-78eb-44d1-b4c3-62e79d3502f7.png,2024 GMC Sierra 2500,"45,400",Sedan
https://platform.cstatic-images.com/medium/in/v2/stock_photos/b20a078f-188c-47ad-9d53-305d3c549205/0d5803b0-e4ed-4e15-bb79-6903bf1fb00f.png,2024 Mercedes-Benz AMG GT 63,"153,350",Suv
https://platform.cstatic-images.com/medium/in/v2/stock_photos/988398e7-4c15-40de-8fc5-fda2106e1e55/6c609920-82f3-4762-b425-c5029d61d0db.png,2024 Lexus RC 300,"44,770",Suv
https://platform.cstatic-images.com/medium/in/v2/stock_photos/9c8a74fd-0853-42ab-8d42-eafe9d31278e/66ab2d72-28ed-4229-ab28-b3b60ed15489.png,2024 Audi Q4 e-tron,"49,800",Suv
https://platform.cstatic-images.com/medium/in/v2/stock_photos/559f55fa-c90c-4e0c-a6c5-0ae31a9121c8/1cb1769d-a82f-498a-9c8b-0919fe641b2c.png,2024 Toyota Tacoma,"31,500",Sedan
https://platform.cstatic-images.com/medium/in/v2/stock_photos/11ef9c46-e686-4d14-a6c1-fc3e2761a5fb/66ebc0c8-0bbe-4977-9f5c-31d29ccf1cfd.png,2024 GMC Sierra 1500,"37,700",Sedan
https://platform.cstatic-images.com/medium/in/v2/stock_photos/65e1cf3a-d193-4144-86bf-d2ca2e757c63/0a229193-9760-4243-b75e-ef2209309b62.png,2024 Chevrolet Silverado 1500,"36,800",Sedan
https://platform.cstatic-images.com/medium/in/v2/stock_photos/1866e01d-c52f-4339-af20-80abd1932630/10e6f85b-4a44-4e1f-aeab-d4c036eb46c4.png,2024 Chevrolet Silverado 3500,"44,700",Sedan
https://platform.cstatic-images.com/medium/in/v2/stock_photos/24c3f693-a4a7-4427-9679-5b38d2ca1aba/98bcb5ce-faaf-48b0-86e5-a86f1641acd8.png,2024 Genesis GV60,"52,000",Suv
https://platform.cstatic-images.com/medium/in/v2/stock_photos/ab78551d-c08a-4fc9-8fd3-70ed40fb9345/94645a44-36bf-494a-9065-cf6a650d8acb.png,2024 Audi Q8 e-tron,"74,400",Suv
https://platform.cstatic-images.com/medium/in/v2/stock_photos/53a3b17f-50d8-450f-a15e-da69c549fec9/63973d18-c916-4ada-89f0-eb2268738408.png,2024 BMW i4 Gran Coupe,"52,200",Suv
https://platform.cstatic-images.com/medium/in/v2/stock_photos/8546a68e-a209-43d3-9b58-fd853afd82fa/dcc26eb0-3ea3-46d2-a72e-b84b889baa39.png,2024 Nissan Sentra,"21,180",Sedan
https://platform.cstatic-images.com/medium/in/v2/stock_photos/c81d486f-a7fe-49e3-beae-4b3aae5c121e/801b9f98-b470-46b7-b54f-6f0df376d10a.png,2024 BMW 330,"44,500",Sedan
https://platform.cstatic-images.com/medium/in/v2/stock_photos/9df323b5-ca7d-49cf-8054-0fef40527a9c/41313297-79e8-4973-bb02-fbb27070ab89.png,2024 Kia Forte,"19,990",Sedan
https://platform.cstatic-images.com/medium/in/v2/stock_photos/aa1648c7-fbd2-43a5-9dcd-9207a62991c1/3fadfd10-f222-4bd9-85c1-a0985f6107d9.png,2024 Audi S8,"123,400",Sedan
https://platform.cstatic-images.com/medium/in/v2/stock_photos/fba4db2f-4b4d-411b-b5ff-8ca76a2eff3b/08540b5a-47b9-48f5-a020-83a00f73076c.png,2024 BMW M3,"76,000",Sedan
https://platform.cstatic-images.com/medium/in/v2/stock_photos/3d76cb38-a0ef-4331-986c-9bfedf022850/85f09897-3bf9-4272-9d5a-263889e601d2.png,2024 BMW i7,"105,700",Suv
https://platform.cstatic-images.com/medium/in/v2/stock_photos/99040a6f-7068-4006-bdcc-02c62730828d/9aad3d17-25e4-4e6d-bac8-ef4d0ce7aa99.png,2024 Audi Q4 e-tron Sportback,"58,200",Suv
https://platform.cstatic-images.com/medium/in/v2/stock_photos/4cce5318-5d85-4a59-90a2-6c93e3b3154a/a40e45c5-afba-4e46-a170-853842ea09a8.png,2024 Toyota GR Corolla,"36,500",Suv
https://platform.cstatic-images.com/medium/in/v2/stock_photos/f92df8fe-97d9-48cf-acdd-385224bd345c/3ac0b975-8bc9-41c5-890d-cca4b4b84b74.png,2024 FIAT 500e,"32,500",Suv
https://platform.cstatic-images.com/medium/in/v2/stock_photos/28293e94-70d3-4de7-886a-51c70d477bff/ebee42dd-a55b-4a27-a939-c4fe52fd385a.png,2024 Nissan Altima,"26,370",Sedan
https://platform.cstatic-images.com/medium/in/v2/stock_photos/18d424d9-839e-4764-b0e1-83ba02a10cd0/f2a6a0cc-21bc-4f27-b1b3-99932930c57d.png,2024 Acura MDX,"50,150",Sedan
https://platform.cstatic-images.com/medium/in/v2/stock_photos/66c4dadf-0789-4891-ab2d-66e7c5915dc4/5537c025-592c-4617-9d2b-9da0929b2f84.png,2025 Audi Q7,"60,500",Sedan
https://platform.cstatic-images.com/medium/in/v2/stock_photos/695d3aa4-a9cc-4615-b7f8-af307497bd03/ed23d68e-f903-42b2-97ca-4b56de0ac33b.png,2025 Jaguar F-PACE,"57,000",Sedan
https://platform.cstatic-images.com/medium/in/v2/stock_photos/36b60490-6f8f-42e4-85fe-98afe3549691/9316386c-eb66-49d5-9ed7-b306dfc630f1.png,2025 Honda HR-V,"25,100",Sedan
https://platform.cstatic-images.com/medium/in/v2/stock_photos/0179e502-9fb6-4c0f-a8c8-4eb1a7f018f2/b623c1be-1ea4-46d8-b62b-17efb086f672.png,2024 Mitsubishi Mirage,"16,695",Suv
https://platform.cstatic-images.com/medium/in/v2/stock_photos/051de4b3-4717-48d3-833a-af2dd2f81773/dc601135-06bb-40d6-b608-1a2f55b847aa.png,2024 Toyota Prius,"27,950",Suv
https://platform.cstatic-images.com/medium/in/v2/stock_photos/bfc00d89-233c-4678-817e-902b5157ae87/fed5fb3b-a438-4cfc-b2b7-313c1bf39f0a.png,2024 Polestar 2,"49,900",Suv
https://platform.cstatic-images.com/medium/in/v2/stock_photos/c34dd32b-38c7-43fb-9119-ac6bbed51908/ffd1e2b6-964f-44ea-8755-1c23435ef1d1.png,2024 Mercedes-Benz GLS 580,"112,000",Sedan
https://platform.cstatic-images.com/medium/in/v2/stock_photos/56fd9627-31e2-43f1-aade-226ebe4ae3ab/7b899658-dee1-455a-b928-ce67a5a49d34.png,2024 Nissan Armada,"56,520",Sedan
https://platform.cstatic-images.com/medium/in/v2/stock_photos/0726623f-9c31-4ee2-bf93-5ba11fb660bf/ac4791f5-b1dc-477b-96c5-ce07d5a06a04.png,2024 Chrysler Voyager,"37,935",Sedan
https://platform.cstatic-images.com/medium/in/v2/stock_photos/72229c63-3fc3-4154-9662-d4e0225173a1/1236589a-c9f3-437b-9c7c-93b03a65de76.png,2024 Volkswagen Golf R,"45,665",Suv
https://platform.cstatic-images.com/medium/in/v2/stock_photos/429ab5d4-c4a4-46e7-94e4-11f3186a003e/8ef81d3d-385e-4567-b0e6-48ba45844674.png,2024 Nissan Titan,"46,690",Suv
https://platform.cstatic-images.com/medium/in/v2/stock_photos/a5f237d4-9dbf-47f2-abf4-b900c0ceb471/2aad758b-c8d0-4a32-b57b-d39895f5c997.png,2024 Toyota Tundra Hybrid,"57,625",Suv
https://platform.cstatic-images.com/medium/in/v2/stock_photos/332541f6-65aa-465d-bfbe-fc34514074f7/90de1039-0afc-4e27-9525-840fdd215a6e.png,2024 RAM 2500,"45,250",Suv
https://platform.cstatic-images.com/medium/in/v2/stock_photos/c9e050e9-f2b1-4e21-b537-f1258860e1f4/b65442af-22e5-4e48-b389-b5b4822327e9.png,2024 RAM 1500 Classic,"38,705",Suv
https://platform.cstatic-images.com/medium/in/v2/stock_photos/a10dd527-a068-4083-ac43-e9f0140fb227/88529174-5e8a-4629-9aa3-8f0bda6377c4.png,2024 GMC Savana 3500,"43,800",Sedan
https://platform.cstatic-images.com/medium/in/v2/stock_photos/8c8abeaf-0cc9-465a-9658-20810fa107f6/c8e82cc4-d961-4dfe-933c-dfb7a86614de.png,2024 GMC Savana 2500,"40,700",Sedan
https://platform.cstatic-images.com/medium/in/v2/stock_photos/6bb34d20-d7d9-467c-894a-c18de79c1ffc/60409791-2ec5-4597-aab0-2e06f6762381.png,2024 Kia Carnival,"33,600",Sedan
https://platform.cstatic-images.com/medium/in/v2/stock_photos/7c7b4849-4296-4914-ba36-9c1096bb21ef/c6c67e89-8981-4183-a041-9ef7d1342ef5.png,2024 Chrysler Pacifica Hybrid,"50,765",Sedan
https://platform.cstatic-images.com/medium/in/v2/stock_photos/801e9dc2-82b2-478a-abe1-246a6fdd7822/7b70eec5-65a2-4181-a500-c3efa521decd.png,2024 Nissan Titan XD,"52,850",Suv
https://platform.cstatic-images.com/medium/in/v2/stock_photos/11ef9c46-e686-4d14-a6c1-fc3e2761a5fb/66ebc0c8-0bbe-4977-9f5c-31d29ccf1cfd.png,2024 GMC Sierra 1500,"37,700",Suv
https://platform.cstatic-images.com/medium/in/v2/stock_photos/9745ec72-af24-45ec-a1a8-23b49a0dc96a/d04e940d-e4d8-4c14-adb7-40e3bdb1066b.png,2025 Porsche Taycan,"99,400",Suv
https://platform.cstatic-images.com/medium/in/v2/stock_photos/ed6cae9d-2863-4afc-a13b-4ba3ca1c2bf9/bea57c0d-ee4e-46b7-accd-4a66aa4ef3c2.png,2024 Lexus ES 250,"42,040",Suv
https://platform.cstatic-images.com/medium/in/v2/stock_photos/39b971a9-1e7f-4d0e-99c0-181a9b09a7c3/3e71d74e-5347-4e94-a9cd-f8dc9ead200f.png,2024 Honda Odyssey,"38,240",Sedan
https://platform.cstatic-images.com/medium/in/v2/stock_photos/d7670fdb-ff04-42d3-94b7-16d97c772174/ee5dd154-3cd6-4774-bfc4-201d60a1ed9c.png,2025 Porsche Taycan Cross Turismo,"111,100",Sedan
https://platform.cstatic-images.com/medium/in/v2/stock_photos/e5e1a559-bda3-4c95-856b-de3c73d1e319/262575ea-b6c0-4a83-968c-3f03a516fcc9.png,2024 MINI Clubman,"34,050",Sedan
https://platform.cstatic-images.com/medium/in/v2/stock_photos/de8d1c71-44bc-49d7-9754-7757d1ae2685/8625596a-76fd-4d46-9547-5d22a6c3d0a4.png,2024 Audi A4 allroad,"47,600",Sedan
https://platform.cstatic-images.com/medium/in/v2/stock_photos/d6c00534-29b1-4b0c-8e4c-afdf264bee2f/a8e4361a-dd64-4437-819b-84c7d02fc87c.png,2024 Volvo V60 Recharge Plug-In Hybrid,"71,250",Sedan
https://platform.cstatic-images.com/medium/in/v2/stock_photos/64e00059-791b-4dfd-bb58-8a98e36a3cf7/4d15223b-9f52-4fb0-b777-78b69526d777.png,2024 Audi RS 6 Avant,"125,800",Sedan
https://platform.cstatic-images.com/medium/in/v2/stock_photos/0eecd313-66ca-4a5c-be52-f40fd29188b2/ba3fb1d3-e2cc-4913-897f-97fb613f2771.png,2024 Mercedes-Benz EQS 580,"127,350",Suv
https://platform.cstatic-images.com/medium/in/v2/stock_photos/a00f6fc5-4a6a-47a0-9837-ab8c19eccf04/952d42c1-db81-4b0f-8c99-b18f22f01a92.png,2024 BMW M340,"57,600",Suv
https://platform.cstatic-images.com/medium/in/v2/stock_photos/e5a4d98e-8efc-493a-897c-33cd2d213c8f/a0cc6c85-c2a3-475f-935c-f76eccf678d4.png,2024 Hyundai Elantra N,"33,700",Suv
https://platform.cstatic-images.com/medium/in/v2/stock_photos/6d5f87eb-3d98-4544-a851-af3f7841f2ab/1b706e58-ed6c-4b8a-b8cf-65e9d60eb3ff.png,2024 BMW M235 Gran Coupe,"48,300",Suv
https://platform.cstatic-images.com/medium/in/v2/stock_photos/066e9f9b-db0c-4e27-936d-b66f6e493e48/3f371179-7a46-4b9e-ad90-37ec441691aa.png,2025 BMW X5,"65,700",Suv
https://platform.cstatic-images.com/medium/in/v2/stock_photos/7a9ae277-a0be-49b7-b861-36c820db1249/d9cc07a8-fcfc-474d-aa74-e5df6d4c04aa.png,2024 Ford Escape PHEV,"40,500",Suv
https://platform.cstatic-images.com/medium/in/v2/stock_photos/0ef0c216-194f-49f0-a74e-81681e93c10c/0b51e77b-2205-41ed-b714-a2abffd097fe.png,2024 Lincoln Nautilus,"50,415",Suv
https://platform.cstatic-images.com/medium/in/v2/stock_photos/01ca118d-7064-4146-aed6-9a485755e8d8/927967e3-842f-4c3f-851b-fc8714591f78.png,2024 Kia Telluride,"36,190",Sedan
https://platform.cstatic-images.com/medium/in/v2/stock_photos/7e300871-2767-4a99-8644-d45bf4e3b59e/ead84a8d-1185-4327-a41c-58fac073687a.png,2024 Genesis Electrified GV70,"66,450",Sedan
https://platform.cstatic-images.com/medium/in/v2/stock_photos/1f188042-cb21-4d12-b0c2-c9bf796fcb2e/500161f1-c5b0-4e05-acc4-ea64d0029cf5.png,2024 Chevrolet Trax,"20,400",Sedan
https://platform.cstatic-images.com/medium/in/v2/stock_photos/1a441a85-229f-4ef1-a688-2e81105ae1d1/c7a05184-15e2-40b8-b01b-58a1f04f6909.png,2024 Ford F-250,"44,970",Sedan
https://platform.cstatic-images.com/medium/in/v2/stock_photos/f93ff73f-3114-4ad1-8c7a-78f1fef959dc/eee45722-c6fd-48bc-8018-d0df984cdcea.png,2025 Chevrolet Trax,"20,400",Suv
https://platform.cstatic-images.com/medium/in/v2/stock_photos/4db85a80-63f9-4a1f-a65c-d313b0c3d2bb/7d90a925-f842-4ff2-9623-0c4b2a71e9ff.png,2025 Honda Pilot,"39,900",Suv
https://platform.cstatic-images.com/medium/in/v2/stock_photos/649cde29-8de7-4489-972d-e9ab17840e43/3afa0d71-e230-4ec6-871b-667f46972f6e.png,2024 Chevrolet Equinox,"26,600",Suv
https://platform.cstatic-images.com/medium/in/v2/stock_photos/8c8abeaf-0cc9-465a-9658-20810fa107f6/c8e82cc4-d961-4dfe-933c-dfb7a86614de.png,2024 GMC Savana 2500,"40,700",Suv
https://platform.cstatic-images.com/medium/in/v2/stock_photos/2a6f8aa2-2a75-499c-87cc-6fb8dd9e6b82/373c0780-e2f0-4f25-9df5-419fd023147c.png,2024 Chevrolet Express 3500,"43,800",Suv
https://platform.cstatic-images.com/medium/in/v2/stock_photos/0033d22e-c254-4709-aa1a-a59a191d4e40/e54a1ec5-9e0a-4c9a-b039-5f4f76317da4.png,2024 Lexus TX 500h,"68,000",Suv
https://platform.cstatic-images.com/medium/in/v2/stock_photos/f4705bb2-a8ac-42b9-aa7a-6007a5be1972/cf2cc806-9dcf-4f36-9fce-7411677d2658.png,2024 Ford F-350,"46,015",Sedan
https://platform.cstatic-images.com/medium/in/v2/stock_photos/99fad16a-3c8c-431f-9dc6-39f6c2c1e874/5fcba20a-ac86-4a3d-bbc0-f4f32de1385d.png,2024 Jeep Wrangler 4xe,"50,695",Sedan
https://platform.cstatic-images.com/medium/in/v2/stock_photos/e7617927-768f-46c2-9fdb-0ddd20ab374d/618c3295-feb4-40d2-8df5-00ae04ebb8dd.png,2024 Jeep Wrangler,"31,995",Sedan
https://platform.cstatic-images.com/medium/in/v2/stock_photos/c7cebe61-27c0-4b89-a820-fe0b24766572/1c51062e-c1cc-498c-9de6-3c4e235c6fa7.png,2024 Hyundai IONIQ 5,"41,800",Sedan
https://platform.cstatic-images.com/medium/in/v2/stock_photos/b67721f7-910b-469d-bd5e-450b75077dd4/1da963ba-a8a4-4bd8-8bae-9b60fbb2ecbe.png,2024 Ford Transit-150,"46,890",Suv
https://platform.cstatic-images.com/medium/in/v2/stock_photos/a9720ba4-e26b-40a2-ab51-d36528e07871/ecfa6741-6a8d-47f2-8ee4-d0acacf7cb0c.png,2024 Chevrolet Express 2500,"40,700",Suv
https://platform.cstatic-images.com/medium/in/v2/stock_photos/39b971a9-1e7f-4d0e-99c0-181a9b09a7c3/3e71d74e-5347-4e94-a9cd-f8dc9ead200f.png,2024 Honda Odyssey,"38,240",Suv
https://platform.cstatic-images.com/medium/in/v2/stock_photos/d7670fdb-ff04-42d3-94b7-16d97c772174/ee5dd154-3cd6-4774-bfc4-201d60a1ed9c.png,2025 Porsche Taycan Cross Turismo,"111,100",Suv
https://platform.cstatic-images.com/medium/in/v2/stock_photos/e5e1a559-bda3-4c95-856b-de3c73d1e319/262575ea-b6c0-4a83-968c-3f03a516fcc9.png,2024 MINI Clubman,"34,050",Suv
https://platform.cstatic-images.com/medium/in/v2/stock_photos/de8d1c71-44bc-49d7-9754-7757d1ae2685/8625596a-76fd-4d46-9547-5d22a6c3d0a4.png,2024 Audi A4 allroad,"47,600",Suv
https://platform.cstatic-images.com/medium/in/v2/stock_photos/d6c00534-29b1-4b0c-8e4c-afdf264bee2f/a8e4361a-dd64-4437-819b-84c7d02fc87c.png,2024 Volvo V60 Recharge Plug-In Hybrid,"71,250",Suv
https://platform.cstatic-images.com/medium/in/v2/stock_photos/64e00059-791b-4dfd-bb58-8a98e36a3cf7/4d15223b-9f52-4fb0-b777-78b69526d777.png,2024 Audi RS 6 Avant,"125,800",Suv
https://platform.cstatic-images.com/medium/in/v2/stock_photos/01ca118d-7064-4146-aed6-9a485755e8d8/927967e3-842f-4c3f-851b-fc8714591f78.png,2024 Kia Telluride,"36,190",Suv
https://platform.cstatic-images.com/medium/in/v2/stock_photos/7e300871-2767-4a99-8644-d45bf4e3b59e/ead84a8d-1185-4327-a41c-58fac073687a.png,2024 Genesis Electrified GV70,"66,450",Suv
https://platform.cstatic-images.com/medium/in/v2/stock_photos/1f188042-cb21-4d12-b0c2-c9bf796fcb2e/500161f1-c5b0-4e05-acc4-ea64d0029cf5.png,2024 Chevrolet Trax,"20,400",Suv
https://platform.cstatic-images.com/medium/in/v2/stock_photos/1a441a85-229f-4ef1-a688-2e81105ae1d1/c7a05184-15e2-40b8-b01b-58a1f04f6909.png,2024 Ford F-250,"44,970",Suv
https://platform.cstatic-images.com/medium/in/v2/stock_photos/f4705bb2-a8ac-42b9-aa7a-6007a5be1972/cf2cc806-9dcf-4f36-9fce-7411677d2658.png,2024 Ford F-350,"46,015",Suv
https://platform.cstatic-images.com/medium/in/v2/stock_photos/99fad16a-3c8c-431f-9dc6-39f6c2c1e874/5fcba20a-ac86-4a3d-bbc0-f4f32de1385d.png,2024 Jeep Wrangler 4xe,"50,695",Suv
https://platform.cstatic-images.com/medium/in/v2/stock_photos/e7617927-768f-46c2-9fdb-0ddd20ab374d/618c3295-feb4-40d2-8df5-00ae04ebb8dd.png,2024 Jeep Wrangler,"31,995",Suv
https://platform.cstatic-images.com/medium/in/v2/stock_photos/c7cebe61-27c0-4b89-a820-fe0b24766572/1c51062e-c1cc-498c-9de6-3c4e235c6fa7.png,2024 Hyundai IONIQ 5,"41,800",Suv
https://platform.cstatic-images.com/medium/in/v2/stock_photos/acfa8d9a-211a-49bc-bd7e-a4eec8705ac6/c3337dae-2d0a-45b0-966a-81e08fe26364.png,2024 Mazda MX-5 Miata RF,"37,010",Pickup Truck
https://platform.cstatic-images.com/medium/in/v2/stock_photos/183c681d-dc9c-4b6e-86a9-d7e729aacd63/7ca682a0-81a4-43b3-94b5-c349df6c4d38.png,2025 BMW Z4,"54,050",Pickup Truck
https://platform.cstatic-images.com/medium/in/v2/stock_photos/c04a62c7-147a-4d68-bcc0-f88463c8a586/7e98902c-b3e2-4625-b6f9-54cc8bdfb897.png,2024 MINI Convertible,"35,700",Pickup Truck
https://platform.cstatic-images.com/medium/in/v2/stock_photos/ff81f70d-e6da-41ed-b71f-8b6b428383eb/8e75af4c-0093-4e71-9e27-135d6fe48b00.png,2024 Porsche 718 Boxster,"70,400",Pickup Truck
https://platform.cstatic-images.com/medium/in/v2/stock_photos/ebc67fed-2cde-4e19-a4de-7eefbede5cb5/ac2a89a6-66f1-44d6-a388-b588047d8d43.png,2024 Mazda MX-5 Miata,"28,985",Pickup Truck
https://platform.cstatic-images.com/medium/in/v2/stock_photos/4fb751b4-6485-478a-b4af-005b09b36b0f/13049b68-094c-4d6e-a5cb-bdafb9ff581f.png,2024 Mercedes-Benz AMG SL 43,"111,800",Pickup Truck
https://platform.cstatic-images.com/medium/in/v2/stock_photos/73bc49bf-4829-4922-b141-6ea535ab77aa/61cc6b33-c14f-42e8-b4b7-610a6304c4b3.png,2025 BMW M8,"138,800",Pickup Truck
https://platform.cstatic-images.com/medium/in/v2/stock_photos/ba9f475b-1984-4dff-9ead-2f2e93a6c3e5/01b1092b-7eb3-46a6-8800-0e97e5231da2.png,2024 Ford Mustang,"30,920",Pickup Truck
https://platform.cstatic-images.com/medium/in/v2/stock_photos/2c2ee7a9-aa4f-40da-ab07-5a45a2e45b6b/f9d06a71-2801-447a-bbd7-cf4eda007156.png,2024 Chevrolet Corvette,"68,300",Pickup Truck
https://platform.cstatic-images.com/medium/in/v2/stock_photos/ee656f40-a1a3-4c5a-96b7-bac66dd0c88f/027f9e5c-be56-4f46-8ea7-b5b038fa1dd2.png,2024 BMW 230,"38,800",Pickup Truck
https://platform.cstatic-images.com/medium/in/v2/stock_photos/a820b914-1869-42a7-b00b-58bb8f24241f/b4df72b5-aae5-42ab-a434-9339a898e1a1.png,2024 Lexus RC 350,"47,700",Pickup Truck
https://platform.cstatic-images.com/medium/in/v2/stock_photos/4b438fd2-ad5f-42fe-a611-4db30945dd0b/6f42c2d6-27cb-49ad-a4f7-0c4f49138315.png,2024 Audi S5,"57,500",Pickup Truck
https://platform.cstatic-images.com/medium/in/v2/stock_photos/ab78551d-c08a-4fc9-8fd3-70ed40fb9345/94645a44-36bf-494a-9065-cf6a650d8acb.png,2024 Audi Q8 e-tron,"74,400",Pickup Truck
https://platform.cstatic-images.com/medium/in/v2/stock_photos/53a3b17f-50d8-450f-a15e-da69c549fec9/63973d18-c916-4ada-89f0-eb2268738408.png,2024 BMW i4 Gran Coupe,"52,200",Pickup Truck
https://platform.cstatic-images.com/medium/in/v2/stock_photos/7e300871-2767-4a99-8644-d45bf4e3b59e/a32fac93-30d3-4e5a-b674-8ca69bbcd340.png,2024 Genesis Electrified GV70,"66,450",Pickup Truck
https://platform.cstatic-images.com/medium/in/v2/stock_photos/d97eb0a5-31ba-4150-939f-0f86b265b754/9f15d934-693e-403d-9637-aa4a25bcd429.png,2024 GMC HUMMER EV SUV,"96,550",Pickup Truck
https://platform.cstatic-images.com/medium/in/v2/stock_photos/ab372841-8d9c-4be5-8b38-098c55c12175/2f73795a-d411-40df-b4fd-09adcfa52ff9.png,2024 Lucid Air,"69,900",Pickup Truck
https://platform.cstatic-images.com/medium/in/v2/stock_photos/f6dba466-c9c0-4c35-9231-39a2ca9b8118/dd0c2c30-efac-4820-ad74-7491f22ddc5c.png,2024 Rivian R1T,"69,900",Pickup Truck
https://platform.cstatic-images.com/medium/in/v2/stock_photos/72330740-8105-498b-987c-46354017d84c/3c2fc66d-cd14-43d5-a20f-2489b56cd11f.png,2024 Audi RS 7,"127,800",Pickup Truck
https://platform.cstatic-images.com/medium/in/v2/stock_photos/413a57e0-50c7-4039-8d4a-f1412f995b78/336bd6ea-64e8-4265-b75c-0caf13fbf202.png,2024 Subaru Impreza,"22,995",Pickup Truck
https://platform.cstatic-images.com/medium/in/v2/stock_photos/994ade1f-5fe2-4afc-b704-b2017de8b64e/10ddb657-3d59-4f6c-b2ee-ee9db9e7c718.png,2024 Toyota Corolla Hatchback,"23,505",Pickup Truck
https://platform.cstatic-images.com/medium/in/v2/stock_photos/bfc00d89-233c-4678-817e-902b5157ae87/fed5fb3b-a438-4cfc-b2b7-313c1bf39f0a.png,2024 Polestar 2,"49,900",Pickup Truck
https://platform.cstatic-images.com/medium/in/v2/stock_photos/72229c63-3fc3-4154-9662-d4e0225173a1/1236589a-c9f3-437b-9c7c-93b03a65de76.png,2024 Volkswagen Golf R,"45,665",Pickup Truck
https://platform.cstatic-images.com/medium/in/v2/stock_photos/8736e4fd-d02b-48a1-8750-166d930c3f6d/0f2f1234-3d4b-4a8a-9bc1-7bc44696a30a.png,2024 Toyota Prius Prime,"32,975",Pickup Truck
https://platform.cstatic-images.com/medium/in/v2/stock_photos/f69eb123-5ce9-4d29-a585-1b6134bde7f2/7c116603-4b9a-4410-9d11-95605bfafca5.png,2024 Hyundai Santa Cruz,"26,900",Pickup Truck
https://platform.cstatic-images.com/medium/in/v2/stock_photos/332541f6-65aa-465d-bfbe-fc34514074f7/90de1039-0afc-4e27-9525-840fdd215a6e.png,2024 RAM 2500,"45,250",Pickup Truck
https://platform.cstatic-images.com/medium/in/v2/stock_photos/9ffe7486-587e-4708-8689-619e7a9af5e8/33c9fce6-037f-4512-bf19-d7c9cf3dd8bc.png,2024 Ford Ranger,"32,670",Pickup Truck
https://platform.cstatic-images.com/medium/in/v2/stock_photos/c9e050e9-f2b1-4e21-b537-f1258860e1f4/b65442af-22e5-4e48-b389-b5b4822327e9.png,2024 RAM 1500 Classic,"38,705",Pickup Truck
https://platform.cstatic-images.com/medium/in/v2/stock_photos/1cf988be-4f31-45b7-bf36-ab0809499246/310ae025-ae53-4122-8533-f794c45f2ce0.png,2024 RAM 3500,"46,255",Pickup Truck
https://platform.cstatic-images.com/medium/in/v2/stock_photos/65e1cf3a-d193-4144-86bf-d2ca2e757c63/0a229193-9760-4243-b75e-ef2209309b62.png,2024 Chevrolet Silverado 1500,"36,800",Pickup Truck
https://platform.cstatic-images.com/medium/in/v2/stock_photos/ed6cae9d-2863-4afc-a13b-4ba3ca1c2bf9/bea57c0d-ee4e-46b7-accd-4a66aa4ef3c2.png,2024 Lexus ES 250,"42,040",Pickup Truck
https://platform.cstatic-images.com/medium/in/v2/stock_photos/a671310e-d95f-418e-929c-1e35cdaeb377/2ce89320-a6af-45fe-aa2b-9f49e2c133f4.png,2024 Toyota Camry Hybrid,"28,855",Pickup Truck
https://platform.cstatic-images.com/medium/in/v2/stock_photos/fee6e75b-96f5-4c5c-a3ec-d1e3c3734bd1/ef04dacb-b57f-4eb3-811d-e8017730baff.png,2024 Audi A3,"35,800",Pickup Truck
https://platform.cstatic-images.com/medium/in/v2/stock_photos/8c54e3b0-78d5-4fa4-a8ad-aad3533d3591/09188d92-d1c3-4924-b1c0-b4a045d5a1ee.png,2024 Hyundai Elantra,"21,625",Pickup Truck
https://platform.cstatic-images.com/medium/in/v2/stock_photos/3f491533-8bdc-4a64-8e63-3a74eff8c200/ecafb3b6-d95b-461e-9a92-db54aa9d5948.png,2024 Audi S3,"47,400",Pickup Truck
https://platform.cstatic-images.com/medium/in/v2/stock_photos/1a027bed-06fd-491a-b83b-e8419c1d54f9/0a351625-47fa-42a8-aecd-2b75a3478c4b.png,2024 Volvo S90 Recharge Plug-In Hybrid,"65,650",Pickup Truck
https://platform.cstatic-images.com/medium/in/v2/stock_photos/36b60490-6f8f-42e4-85fe-98afe3549691/9316386c-eb66-49d5-9ed7-b306dfc630f1.png,2025 Honda HR-V,"25,100",Pickup Truck
https://platform.cstatic-images.com/medium/in/v2/stock_photos/101d7490-4ca8-4551-936a-6aa34393e081/ea283c5a-67c1-4343-bce9-618cc41c531e.png,2024 Toyota Grand Highlander Hybrid,"44,670",Pickup Truck
https://platform.cstatic-images.com/medium/in/v2/stock_photos/acfa8d9a-211a-49bc-bd7e-a4eec8705ac6/c3337dae-2d0a-45b0-966a-81e08fe26364.png,2024 Mazda MX-5 Miata RF,"37,010",Convertible
https://platform.cstatic-images.com/medium/in/v2/stock_photos/e200e50c-2d79-4708-9d5c-7e421e558dc7/d117549b-e20d-4a6a-9833-1689e9516f56.png,2025 Buick Encore GX,"26,000",Pickup Truck
https://platform.cstatic-images.com/medium/in/v2/stock_photos/3ca09da2-f38a-4c4d-9316-b28ad557a606/107832d7-73c6-4560-aade-4e74f1859e24.png,2024 Audi Q8,"73,700",Pickup Truck
https://platform.cstatic-images.com/medium/in/v2/stock_photos/8199ddb9-39e9-4f9a-9228-4d211823339a/e1b76f08-e331-47b1-a870-5307f61b9326.png,2024 Hyundai Santa Fe,"33,950",Pickup Truck
https://platform.cstatic-images.com/medium/in/v2/stock_photos/d2279557-1c44-4bd7-943b-e7e2a623f42d/bead1a83-135d-4a1b-b8e6-9f9e07294f74.png,2024 Mitsubishi Eclipse Cross,"26,345",Pickup Truck
https://platform.cstatic-images.com/medium/in/v2/stock_photos/183c681d-dc9c-4b6e-86a9-d7e729aacd63/7ca682a0-81a4-43b3-94b5-c349df6c4d38.png,2025 BMW Z4,"54,050",Convertible
https://platform.cstatic-images.com/medium/in/v2/stock_photos/c04a62c7-147a-4d68-bcc0-f88463c8a586/7e98902c-b3e2-4625-b6f9-54cc8bdfb897.png,2024 MINI Convertible,"35,700",Convertible
https://platform.cstatic-images.com/medium/in/v2/stock_photos/ff81f70d-e6da-41ed-b71f-8b6b428383eb/8e75af4c-0093-4e71-9e27-135d6fe48b00.png,2024 Porsche 718 Boxster,"70,400",Convertible
https://platform.cstatic-images.com/medium/in/v2/stock_photos/ebc67fed-2cde-4e19-a4de-7eefbede5cb5/ac2a89a6-66f1-44d6-a388-b588047d8d43.png,2024 Mazda MX-5 Miata,"28,985",Convertible
https://platform.cstatic-images.com/medium/in/v2/stock_photos/4fb751b4-6485-478a-b4af-005b09b36b0f/13049b68-094c-4d6e-a5cb-bdafb9ff581f.png,2024 Mercedes-Benz AMG SL 43,"111,800",Convertible
https://platform.cstatic-images.com/medium/in/v2/stock_photos/137aba03-eee0-4b53-b439-7b411b6afc74/7f7545a3-d4b0-4174-bbbf-9bbb022c1037.png,2024 Subaru BRZ,"30,195",Convertible
https://platform.cstatic-images.com/medium/in/v2/stock_photos/8c8abeaf-0cc9-465a-9658-20810fa107f6/c8e82cc4-d961-4dfe-933c-dfb7a86614de.png,2024 GMC Savana 2500,"40,700",Pickup Truck
https://platform.cstatic-images.com/medium/in/v2/stock_photos/4dda792f-f647-43db-ad50-162ac4296501/78392b37-865a-4c7c-8bb0-a6e2b421cfe3.png,2024 Mercedes-Benz Sprinter 3500,"52,800",Pickup Truck
https://platform.cstatic-images.com/medium/in/v2/stock_photos/024996d5-5e9d-44a3-80b0-4d7ae91da0bc/7cbd9f23-9850-492a-9b9e-ce83159827ae.png,2024 Toyota Sienna,"37,685",Pickup Truck
https://platform.cstatic-images.com/medium/in/v2/stock_photos/6bb34d20-d7d9-467c-894a-c18de79c1ffc/60409791-2ec5-4597-aab0-2e06f6762381.png,2024 Kia Carnival,"33,600",Pickup Truck
https://platform.cstatic-images.com/medium/in/v2/stock_photos/b67721f7-910b-469d-bd5e-450b75077dd4/1da963ba-a8a4-4bd8-8bae-9b60fbb2ecbe.png,2024 Ford Transit-150,"46,890",Pickup Truck
https://platform.cstatic-images.com/medium/in/v2/stock_photos/ba84e091-00e2-4ec7-bde5-87aa7e8b2244/58d9a9d1-55e3-4d49-bbbf-172fa5515766.png,2024 Ford Transit-250,"47,835",Pickup Truck
https://platform.cstatic-images.com/medium/in/v2/stock_photos/ba9f475b-1984-4dff-9ead-2f2e93a6c3e5/01b1092b-7eb3-46a6-8800-0e97e5231da2.png,2024 Ford Mustang,"30,920",Convertible
https://platform.cstatic-images.com/medium/in/v2/stock_photos/a820b914-1869-42a7-b00b-58bb8f24241f/b4df72b5-aae5-42ab-a434-9339a898e1a1.png,2024 Lexus RC 350,"47,700",Convertible
https://platform.cstatic-images.com/medium/in/v2/stock_photos/b20a078f-188c-47ad-9d53-305d3c549205/0d5803b0-e4ed-4e15-bb79-6903bf1fb00f.png,2024 Mercedes-Benz AMG GT 63,"153,350",Convertible
https://platform.cstatic-images.com/medium/in/v2/stock_photos/99e3b63a-4823-4cf0-9323-bfaff3616e66/7ea3e7ff-f3bf-4f8a-b31d-e0642ffe0ca9.png,2024 Nissan Z,"42,970",Convertible
https://platform.cstatic-images.com/medium/in/v2/stock_photos/d7670fdb-ff04-42d3-94b7-16d97c772174/ee5dd154-3cd6-4774-bfc4-201d60a1ed9c.png,2025 Porsche Taycan Cross Turismo,"111,100",Pickup Truck
https://platform.cstatic-images.com/medium/in/v2/stock_photos/e5e1a559-bda3-4c95-856b-de3c73d1e319/262575ea-b6c0-4a83-968c-3f03a516fcc9.png,2024 MINI Clubman,"34,050",Pickup Truck
https://platform.cstatic-images.com/medium/in/v2/stock_photos/de8d1c71-44bc-49d7-9754-7757d1ae2685/8625596a-76fd-4d46-9547-5d22a6c3d0a4.png,2024 Audi A4 allroad,"47,600",Pickup Truck
https://platform.cstatic-images.com/medium/in/v2/stock_photos/d6c00534-29b1-4b0c-8e4c-afdf264bee2f/a8e4361a-dd64-4437-819b-84c7d02fc87c.png,2024 Volvo V60 Recharge Plug-In Hybrid,"71,250",Pickup Truck
https://platform.cstatic-images.com/medium/in/v2/stock_photos/4f82bd19-2719-4b00-8832-91f1b973669a/bd90ec13-1ac3-434d-98d6-c2d3f3dfb9ed.png,2024 Lexus LC 500h,"101,750",Convertible
https://platform.cstatic-images.com/medium/in/v2/stock_photos/f0fa92d0-5b3c-47a9-aeff-f2acb46dbd26/5ef1def9-cd57-4320-9156-6d08b262e937.png,2024 Tesla Model Y,"42,990",Convertible
https://platform.cstatic-images.com/medium/in/v2/stock_photos/32fc1bd6-362c-4e00-8f81-b6a9cabb2164/792382e1-935c-4488-833c-cf2abf5c27d0.png,2024 Audi e-tron GT,"106,500",Convertible
https://platform.cstatic-images.com/medium/in/v2/stock_photos/7f46690e-bddb-4084-a694-7bec617fba01/ab5c9fd7-b944-4c73-95aa-e58aed500d0a.png,2025 Volvo EX30,"34,950",Convertible
https://platform.cstatic-images.com/medium/in/v2/stock_photos/d97eb0a5-31ba-4150-939f-0f86b265b754/9f15d934-693e-403d-9637-aa4a25bcd429.png,2024 GMC HUMMER EV SUV,"96,550",Convertible
https://platform.cstatic-images.com/medium/in/v2/stock_photos/64e00059-791b-4dfd-bb58-8a98e36a3cf7/4d15223b-9f52-4fb0-b777-78b69526d777.png,2024 Audi RS 6 Avant,"125,800",Pickup Truck
https://platform.cstatic-images.com/medium/in/v2/stock_photos/01ca118d-7064-4146-aed6-9a485755e8d8/927967e3-842f-4c3f-851b-fc8714591f78.png,2024 Kia Telluride,"36,190",Pickup Truck
https://platform.cstatic-images.com/medium/in/v2/stock_photos/7e300871-2767-4a99-8644-d45bf4e3b59e/ead84a8d-1185-4327-a41c-58fac073687a.png,2024 Genesis Electrified GV70,"66,450",Pickup Truck
https://platform.cstatic-images.com/medium/in/v2/stock_photos/1f188042-cb21-4d12-b0c2-c9bf796fcb2e/500161f1-c5b0-4e05-acc4-ea64d0029cf5.png,2024 Chevrolet Trax,"20,400",Pickup Truck
https://platform.cstatic-images.com/medium/in/v2/stock_photos/1a441a85-229f-4ef1-a688-2e81105ae1d1/c7a05184-15e2-40b8-b01b-58a1f04f6909.png,2024 Ford F-250,"44,970",Pickup Truck
https://platform.cstatic-images.com/medium/in/v2/stock_photos/f4705bb2-a8ac-42b9-aa7a-6007a5be1972/cf2cc806-9dcf-4f36-9fce-7411677d2658.png,2024 Ford F-350,"46,015",Pickup Truck
https://platform.cstatic-images.com/medium/in/v2/stock_photos/c2fd6668-29cd-41c7-9c31-c5aa96577066/c91dd212-8c10-438f-adb7-f76b3a65f08f.png,2024 Kia EV9,"54,900",Convertible
https://platform.cstatic-images.com/medium/in/v2/stock_photos/38628955-9adc-4f1a-bff8-60baa132cab4/08b19935-d7af-4d56-9d6f-1d0fdfb3c7f0.png,2024 Tesla Model 3,"38,990",Convertible
https://platform.cstatic-images.com/medium/in/v2/stock_photos/d782b69b-74b9-458d-8880-126b0caf3d02/0073cd67-2d40-43d7-abb5-d187ffcc70d7.png,2024 Honda Civic Type R,"44,795",Convertible
https://platform.cstatic-images.com/medium/in/v2/stock_photos/4cce5318-5d85-4a59-90a2-6c93e3b3154a/a40e45c5-afba-4e46-a170-853842ea09a8.png,2024 Toyota GR Corolla,"36,500",Convertible
https://platform.cstatic-images.com/medium/in/v2/stock_photos/051de4b3-4717-48d3-833a-af2dd2f81773/dc601135-06bb-40d6-b608-1a2f55b847aa.png,2024 Toyota Prius,"27,950",Convertible
https://platform.cstatic-images.com/medium/in/v2/stock_photos/413a57e0-50c7-4039-8d4a-f1412f995b78/336bd6ea-64e8-4265-b75c-0caf13fbf202.png,2024 Subaru Impreza,"22,995",Convertible
https://platform.cstatic-images.com/medium/in/v2/stock_photos/99fad16a-3c8c-431f-9dc6-39f6c2c1e874/5fcba20a-ac86-4a3d-bbc0-f4f32de1385d.png,2024 Jeep Wrangler 4xe,"50,695",Pickup Truck
https://platform.cstatic-images.com/medium/in/v2/stock_photos/e7617927-768f-46c2-9fdb-0ddd20ab374d/618c3295-feb4-40d2-8df5-00ae04ebb8dd.png,2024 Jeep Wrangler,"31,995",Pickup Truck
https://platform.cstatic-images.com/medium/in/v2/stock_photos/c7cebe61-27c0-4b89-a820-fe0b24766572/1c51062e-c1cc-498c-9de6-3c4e235c6fa7.png,2024 Hyundai IONIQ 5,"41,800",Pickup Truck
https://platform.cstatic-images.com/medium/in/v2/stock_photos/c2090fd5-5b5f-47f2-990a-9786f86c626c/b484111c-ef99-4663-bff3-06fcd232f33c.png,2024 Nissan Leaf,"28,140",Convertible
https://platform.cstatic-images.com/medium/in/v2/stock_photos/72229c63-3fc3-4154-9662-d4e0225173a1/1236589a-c9f3-437b-9c7c-93b03a65de76.png,2024 Volkswagen Golf R,"45,665",Convertible
https://platform.cstatic-images.com/medium/in/v2/stock_photos/2402768d-31a8-4208-abee-574da01c7cad/642cb07d-ce9b-405e-9d68-105e9ebbce19.png,2024 Nissan Frontier,"30,510",Convertible
https://platform.cstatic-images.com/medium/in/v2/stock_photos/f69eb123-5ce9-4d29-a585-1b6134bde7f2/7c116603-4b9a-4410-9d11-95605bfafca5.png,2024 Hyundai Santa Cruz,"26,900",Convertible
https://platform.cstatic-images.com/medium/in/v2/stock_photos/332541f6-65aa-465d-bfbe-fc34514074f7/90de1039-0afc-4e27-9525-840fdd215a6e.png,2024 RAM 2500,"45,250",Convertible
https://platform.cstatic-images.com/medium/in/v2/stock_photos/801e9dc2-82b2-478a-abe1-246a6fdd7822/7b70eec5-65a2-4181-a500-c3efa521decd.png,2024 Nissan Titan XD,"52,850",Convertible
https://platform.cstatic-images.com/medium/in/v2/stock_photos/7b72da45-18e7-4f54-842a-faa2e06e2d4f/0a88ab60-bdff-4644-aafd-4567a29f8a60.png,2024 GMC Sierra 3500,"46,200",Convertible
https://platform.cstatic-images.com/medium/in/v2/stock_photos/7c7c6148-7aa5-429a-a9a9-ff3b322158b4/f308bd4f-20a9-46ec-8793-f396c0cb7532.png,2024 Ford F-250,"44,970",Convertible
https://platform.cstatic-images.com/medium/in/v2/stock_photos/4e707f18-0b3a-4f85-9b0a-ed424cbd4856/2ee69821-f4c7-4c7c-8f85-667c4de6db62.png,2024 Audi A4,"41,900",Convertible
https://platform.cstatic-images.com/medium/in/v2/stock_photos/8c54e3b0-78d5-4fa4-a8ad-aad3533d3591/09188d92-d1c3-4924-b1c0-b4a045d5a1ee.png,2024 Hyundai Elantra,"21,625",Convertible
https://platform.cstatic-images.com/medium/in/v2/stock_photos/0bb9ec21-ef70-4402-80cb-a4da4780a716/e0c752bd-1b8f-4c50-9b59-246fcb9a5459.png,2024 Audi RS 3,"62,300",Convertible
https://platform.cstatic-images.com/medium/in/v2/stock_photos/60e5cbb0-6f85-4027-8bf4-73becb6cc5cc/0b5c287f-0e3c-4a49-95b2-bde17752220e.png,2024 Hyundai Sonata Hybrid,"30,800",Convertible
https://platform.cstatic-images.com/medium/in/v2/stock_photos/1396e1a1-4fb4-429f-b69f-761a3e405c17/12b83994-aa91-403a-9ba1-7d0b2614577e.png,2024 Mercedes-Benz EQE 500,"85,900",Convertible
https://platform.cstatic-images.com/medium/in/v2/stock_photos/d411157a-73a5-444f-b23a-a208a5c20d32/02077fa2-9081-4871-a505-d19583e1541d.png,2025 BMW M850 Gran Coupe,"106,300",Convertible
https://platform.cstatic-images.com/medium/in/v2/stock_photos/90f268b3-298e-40c4-b9fb-40ce004824e1/c851404e-e8e7-4129-89ab-f71481742581.png,2024 Maserati Levante,"102,000",Convertible
https://platform.cstatic-images.com/medium/in/v2/stock_photos/23b49526-585d-4be9-bf11-c665deca463e/0da7d777-99bb-473c-afb3-0c2f977d6e94.png,2024 Nissan Rogue,"28,850",Convertible
https://platform.cstatic-images.com/medium/in/v2/stock_photos/9968aa18-231d-4b6c-aec8-bc42117b8787/4bb517c6-7e4f-4203-81be-e04935691e6d.png,2024 Lexus RX 350,"48,600",Convertible
https://platform.cstatic-images.com/medium/in/v2/stock_photos/da338d85-0e4a-4d12-bfcd-1de902699ce7/0606d6b0-0135-4819-82e9-c38c643ecb72.png,2024 Jeep Wagoneer,"62,945",Convertible
https://platform.cstatic-images.com/medium/in/v2/stock_photos/6e01996b-95a5-4072-89ff-610ea824d864/1e96645e-cf6e-47e1-96ca-fa957d861b29.png,2024 Lincoln Corsair,"38,990",Convertible
https://platform.cstatic-images.com/medium/in/v2/stock_photos/549b153b-5292-4268-8e92-e7001a79c0c9/6db1a243-5080-4311-93b7-519b2727662a.png,2024 GMC Yukon,"58,200",Convertible
https://platform.cstatic-images.com/medium/in/v2/stock_photos/0726623f-9c31-4ee2-bf93-5ba11fb660bf/ac4791f5-b1dc-477b-96c5-ce07d5a06a04.png,2024 Chrysler Voyager,"37,935",Convertible
https://platform.cstatic-images.com/medium/in/v2/stock_photos/8c8abeaf-0cc9-465a-9658-20810fa107f6/c8e82cc4-d961-4dfe-933c-dfb7a86614de.png,2024 GMC Savana 2500,"40,700",Convertible
https://platform.cstatic-images.com/medium/in/v2/stock_photos/3a69b615-e3ac-4d23-a6cd-da2101f837a6/982a9011-4fd9-4764-81a4-a3ffd09bf34f.png,2024 Mercedes-Benz Sprinter 2500,"49,900",Convertible
https://platform.cstatic-images.com/medium/in/v2/stock_photos/2a6f8aa2-2a75-499c-87cc-6fb8dd9e6b82/373c0780-e2f0-4f25-9df5-419fd023147c.png,2024 Chevrolet Express 3500,"43,800",Convertible
https://platform.cstatic-images.com/medium/in/v2/stock_photos/a9720ba4-e26b-40a2-ab51-d36528e07871/ecfa6741-6a8d-47f2-8ee4-d0acacf7cb0c.png,2024 Chevrolet Express 2500,"40,700",Convertible
https://platform.cstatic-images.com/medium/in/v2/stock_photos/ba84e091-00e2-4ec7-bde5-87aa7e8b2244/58d9a9d1-55e3-4d49-bbbf-172fa5515766.png,2024 Ford Transit-250,"47,835",Convertible
https://platform.cstatic-images.com/medium/in/v2/stock_photos/d7670fdb-ff04-42d3-94b7-16d97c772174/ee5dd154-3cd6-4774-bfc4-201d60a1ed9c.png,2025 Porsche Taycan Cross Turismo,"111,100",Convertible
https://platform.cstatic-images.com/medium/in/v2/stock_photos/e5e1a559-bda3-4c95-856b-de3c73d1e319/262575ea-b6c0-4a83-968c-3f03a516fcc9.png,2024 MINI Clubman,"34,050",Convertible
https://platform.cstatic-images.com/medium/in/v2/stock_photos/de8d1c71-44bc-49d7-9754-7757d1ae2685/8625596a-76fd-4d46-9547-5d22a6c3d0a4.png,2024 Audi A4 allroad,"47,600",Convertible
https://platform.cstatic-images.com/medium/in/v2/stock_photos/d6c00534-29b1-4b0c-8e4c-afdf264bee2f/a8e4361a-dd64-4437-819b-84c7d02fc87c.png,2024 Volvo V60 Recharge Plug-In Hybrid,"71,250",Convertible
https://platform.cstatic-images.com/medium/in/v2/stock_photos/64e00059-791b-4dfd-bb58-8a98e36a3cf7/4d15223b-9f52-4fb0-b777-78b69526d777.png,2024 Audi RS 6 Avant,"125,800",Convertible
https://platform.cstatic-images.com/medium/in/v2/stock_photos/01ca118d-7064-4146-aed6-9a485755e8d8/927967e3-842f-4c3f-851b-fc8714591f78.png,2024 Kia Telluride,"36,190",Convertible
https://platform.cstatic-images.com/medium/in/v2/stock_photos/7e300871-2767-4a99-8644-d45bf4e3b59e/ead84a8d-1185-4327-a41c-58fac073687a.png,2024 Genesis Electrified GV70,"66,450",Convertible
https://platform.cstatic-images.com/medium/in/v2/stock_photos/1f188042-cb21-4d12-b0c2-c9bf796fcb2e/500161f1-c5b0-4e05-acc4-ea64d0029cf5.png,2024 Chevrolet Trax,"20,400",Convertible
https://platform.cstatic-images.com/medium/in/v2/stock_photos/1a441a85-229f-4ef1-a688-2e81105ae1d1/c7a05184-15e2-40b8-b01b-58a1f04f6909.png,2024 Ford F-250,"44,970",Convertible
https://platform.cstatic-images.com/medium/in/v2/stock_photos/f4705bb2-a8ac-42b9-aa7a-6007a5be1972/cf2cc806-9dcf-4f36-9fce-7411677d2658.png,2024 Ford F-350,"46,015",Convertible
https://platform.cstatic-images.com/medium/in/v2/stock_photos/99fad16a-3c8c-431f-9dc6-39f6c2c1e874/5fcba20a-ac86-4a3d-bbc0-f4f32de1385d.png,2024 Jeep Wrangler 4xe,"50,695",Convertible
https://platform.cstatic-images.com/medium/in/v2/stock_photos/e7617927-768f-46c2-9fdb-0ddd20ab374d/618c3295-feb4-40d2-8df5-00ae04ebb8dd.png,2024 Jeep Wrangler,"31,995",Convertible
https://platform.cstatic-images.com/medium/in/v2/stock_photos/c7cebe61-27c0-4b89-a820-fe0b24766572/1c51062e-c1cc-498c-9de6-3c4e235c6fa7.png,2024 Hyundai IONIQ 5,"41,800",Convertible
https://platform.cstatic-images.com/medium/in/v2/stock_photos/acfa8d9a-211a-49bc-bd7e-a4eec8705ac6/c3337dae-2d0a-45b0-966a-81e08fe26364.png,2024 Mazda MX-5 Miata RF,"37,010",Wagon
https://platform.cstatic-images.com/medium/in/v2/stock_photos/183c681d-dc9c-4b6e-86a9-d7e729aacd63/7ca682a0-81a4-43b3-94b5-c349df6c4d38.png,2025 BMW Z4,"54,050",Wagon
https://platform.cstatic-images.com/medium/in/v2/stock_photos/c04a62c7-147a-4d68-bcc0-f88463c8a586/7e98902c-b3e2-4625-b6f9-54cc8bdfb897.png,2024 MINI Convertible,"35,700",Wagon
https://platform.cstatic-images.com/medium/in/v2/stock_photos/ff81f70d-e6da-41ed-b71f-8b6b428383eb/8e75af4c-0093-4e71-9e27-135d6fe48b00.png,2024 Porsche 718 Boxster,"70,400",Wagon
https://platform.cstatic-images.com/medium/in/v2/stock_photos/ebc67fed-2cde-4e19-a4de-7eefbede5cb5/ac2a89a6-66f1-44d6-a388-b588047d8d43.png,2024 Mazda MX-5 Miata,"28,985",Wagon
https://platform.cstatic-images.com/medium/in/v2/stock_photos/4fb751b4-6485-478a-b4af-005b09b36b0f/13049b68-094c-4d6e-a5cb-bdafb9ff581f.png,2024 Mercedes-Benz AMG SL 43,"111,800",Wagon
https://platform.cstatic-images.com/medium/in/v2/stock_photos/e3cb9b51-f233-45e4-916a-9901c1585c83/2580a9dd-7d83-4922-ab5b-0351d8864284.png,2024 Audi RS 5,"79,600",Wagon
https://platform.cstatic-images.com/medium/in/v2/stock_photos/efe40fe1-00b9-427d-b632-a2a4b8cfb1a2/b9669147-7a9b-4d1b-b637-1d93593530ec.png,2024 Mercedes-Benz CLE 300,"56,500",Wagon
https://platform.cstatic-images.com/medium/in/v2/stock_photos/bbc52b5f-eaf2-4508-8a5d-061d15a10408/2e469888-ca4f-4523-bd71-f3e9d6d64780.png,2024 Mercedes-Benz AMG CLA 45,"65,400",Wagon
https://platform.cstatic-images.com/medium/in/v2/stock_photos/ee656f40-a1a3-4c5a-96b7-bac66dd0c88f/027f9e5c-be56-4f46-8ea7-b5b038fa1dd2.png,2024 BMW 230,"38,800",Wagon
https://platform.cstatic-images.com/medium/in/v2/stock_photos/0fe81485-84f3-4500-8554-31b064b52886/f92a9585-757c-4ebe-ab8e-6c3a22baa4cc.png,2024 Lexus LC 500,"98,450",Wagon
https://platform.cstatic-images.com/medium/in/v2/stock_photos/28789016-f52c-49bf-ba30-fc58db1db3ba/aef5185b-0d88-47da-a93b-5bc273a1f204.png,2024 Mercedes-Benz CLE 450,"65,650",Wagon
https://platform.cstatic-images.com/medium/in/v2/stock_photos/9745ec72-af24-45ec-a1a8-23b49a0dc96a/d04e940d-e4d8-4c14-adb7-40e3bdb1066b.png,2025 Porsche Taycan,"99,400",Wagon
https://platform.cstatic-images.com/medium/in/v2/stock_photos/9c8a74fd-0853-42ab-8d42-eafe9d31278e/66ab2d72-28ed-4229-ab28-b3b60ed15489.png,2024 Audi Q4 e-tron,"49,800",Wagon
https://platform.cstatic-images.com/medium/in/v2/stock_photos/53a3b17f-50d8-450f-a15e-da69c549fec9/63973d18-c916-4ada-89f0-eb2268738408.png,2024 BMW i4 Gran Coupe,"52,200",Wagon
https://platform.cstatic-images.com/medium/in/v2/stock_photos/8c40078d-633d-4d42-a27e-7435e91bf0e0/c7dc90df-2ccb-449c-8a2d-184c7b5369d5.png,2024 Tesla Model S,"72,990",Wagon
https://platform.cstatic-images.com/medium/in/v2/stock_photos/272688d2-b631-49f5-856c-91e43310b098/0ae92f6b-b4eb-40fc-acdc-40a91c9d4720.png,2024 Volvo XC40 Recharge Pure Electric,"52,450",Wagon
https://platform.cstatic-images.com/medium/in/v2/stock_photos/c3c46689-25db-4af5-bb0c-84c7252cdf53/cf52e21f-cba4-4826-9977-386b6ae1f10e.png,2024 Ford F-150 Lightning,"54,995",Wagon
https://platform.cstatic-images.com/medium/in/v2/stock_photos/d782b69b-74b9-458d-8880-126b0caf3d02/0073cd67-2d40-43d7-abb5-d187ffcc70d7.png,2024 Honda Civic Type R,"44,795",Wagon
https://platform.cstatic-images.com/medium/in/v2/stock_photos/0424213a-8344-4b68-9095-e38a57c9a1f6/165f36fa-6d18-4433-9347-bd13081d3c46.png,2024 Kia Soul,"20,190",Wagon
https://platform.cstatic-images.com/medium/in/v2/stock_photos/4cce5318-5d85-4a59-90a2-6c93e3b3154a/a40e45c5-afba-4e46-a170-853842ea09a8.png,2024 Toyota GR Corolla,"36,500",Wagon
https://platform.cstatic-images.com/medium/in/v2/stock_photos/bfc00d89-233c-4678-817e-902b5157ae87/fed5fb3b-a438-4cfc-b2b7-313c1bf39f0a.png,2024 Polestar 2,"49,900",Wagon
https://platform.cstatic-images.com/medium/in/v2/stock_photos/8c40078d-633d-4d42-a27e-7435e91bf0e0/c7dc90df-2ccb-449c-8a2d-184c7b5369d5.png,2024 Tesla Model S,"72,990",Wagon
https://platform.cstatic-images.com/medium/in/v2/stock_photos/72229c63-3fc3-4154-9662-d4e0225173a1/1236589a-c9f3-437b-9c7c-93b03a65de76.png,2024 Volkswagen Golf R,"45,665",Wagon
https://platform.cstatic-images.com/medium/in/v2/stock_photos/001ad4d5-f932-457d-9a20-a899d54f567f/7b02acfd-78eb-44d1-b4c3-62e79d3502f7.png,2024 GMC Sierra 2500,"45,400",Wagon
https://platform.cstatic-images.com/medium/in/v2/stock_photos/9ffe7486-587e-4708-8689-619e7a9af5e8/33c9fce6-037f-4512-bf19-d7c9cf3dd8bc.png,2024 Ford Ranger,"32,670",Wagon
https://platform.cstatic-images.com/medium/in/v2/stock_photos/c9e050e9-f2b1-4e21-b537-f1258860e1f4/b65442af-22e5-4e48-b389-b5b4822327e9.png,2024 RAM 1500 Classic,"38,705",Wagon
https://platform.cstatic-images.com/medium/in/v2/stock_photos/559f55fa-c90c-4e0c-a6c5-0ae31a9121c8/1cb1769d-a82f-498a-9c8b-0919fe641b2c.png,2024 Toyota Tacoma,"31,500",Wagon
https://platform.cstatic-images.com/medium/in/v2/stock_photos/11ef9c46-e686-4d14-a6c1-fc3e2761a5fb/66ebc0c8-0bbe-4977-9f5c-31d29ccf1cfd.png,2024 GMC Sierra 1500,"37,700",Wagon
https://platform.cstatic-images.com/medium/in/v2/stock_photos/f6dba466-c9c0-4c35-9231-39a2ca9b8118/dd0c2c30-efac-4820-ad74-7491f22ddc5c.png,2024 Rivian R1T,"69,900",Wagon
https://platform.cstatic-images.com/medium/in/v2/stock_photos/ed6cae9d-2863-4afc-a13b-4ba3ca1c2bf9/bea57c0d-ee4e-46b7-accd-4a66aa4ef3c2.png,2024 Lexus ES 250,"42,040",Wagon
https://platform.cstatic-images.com/medium/in/v2/stock_photos/3d76cb38-a0ef-4331-986c-9bfedf022850/85f09897-3bf9-4272-9d5a-263889e601d2.png,2024 BMW i7,"105,700",Wagon
https://platform.cstatic-images.com/medium/in/v2/stock_photos/dce0ed06-da94-49d9-baf7-d8252b42d5ee/353b57cd-00d3-4d9b-80d6-0e896c42c4d9.png,2024 Lexus LS 500,"79,335",Wagon
https://platform.cstatic-images.com/medium/in/v2/stock_photos/9a2df0c1-bcc9-4b1c-8e0c-b3ba4b869dc0/d0a5dfe8-f6a2-4cac-ac7b-a7c11f7046bd.png,2024 Genesis Electrified G80,"74,375",Wagon
https://platform.cstatic-images.com/medium/in/v2/stock_photos/9321721b-f18e-40a5-96ae-0bebf5192874/c87887c3-788b-47fc-b1e0-26048ce36178.png,2024 Hyundai Sonata,"27,500",Wagon
https://platform.cstatic-images.com/medium/in/v2/stock_photos/8e2d4f1e-35e8-4e01-9a3f-434ccd013a12/162253ce-572a-4dc3-ad48-be0abb9f0f87.png,2024 BMW 330e,"45,600",Wagon
https://platform.cstatic-images.com/medium/in/v2/stock_photos/acfa8d9a-211a-49bc-bd7e-a4eec8705ac6/c3337dae-2d0a-45b0-966a-81e08fe26364.png,2024 Mazda MX-5 Miata RF,"37,010",Van
https://platform.cstatic-images.com/medium/in/v2/stock_photos/72e54513-b6e7-4ec9-bfc9-2ecda38dc82f/ff84c90c-8016-4b32-b57d-124900f223b4.png,2024 Cadillac Escalade ESV,"84,895",Wagon
https://platform.cstatic-images.com/medium/in/v2/stock_photos/913e855c-4e54-4377-a488-f9a866d844f4/57a0794c-2ff2-47d3-9984-db27656b6005.png,2024 Audi SQ5 Sportback,"61,100",Wagon
https://platform.cstatic-images.com/medium/in/v2/stock_photos/efa6f9f6-95cb-4b4c-9c34-09ecf35f848e/822dd2a5-45d7-4ddc-ad70-34674d18a7d6.png,2024 BMW X3,"46,900",Wagon
https://platform.cstatic-images.com/medium/in/v2/stock_photos/03d07c4e-cbc7-4824-b10b-26570da2ba4e/e5441433-de8b-424f-974c-dcd01614c2f2.png,2024 Volkswagen ID.4,"39,735",Wagon
https://platform.cstatic-images.com/medium/in/v2/stock_photos/183c681d-dc9c-4b6e-86a9-d7e729aacd63/7ca682a0-81a4-43b3-94b5-c349df6c4d38.png,2025 BMW Z4,"54,050",Van
https://platform.cstatic-images.com/medium/in/v2/stock_photos/c04a62c7-147a-4d68-bcc0-f88463c8a586/7e98902c-b3e2-4625-b6f9-54cc8bdfb897.png,2024 MINI Convertible,"35,700",Van
https://platform.cstatic-images.com/medium/in/v2/stock_photos/ff81f70d-e6da-41ed-b71f-8b6b428383eb/8e75af4c-0093-4e71-9e27-135d6fe48b00.png,2024 Porsche 718 Boxster,"70,400",Van
https://platform.cstatic-images.com/medium/in/v2/stock_photos/ebc67fed-2cde-4e19-a4de-7eefbede5cb5/ac2a89a6-66f1-44d6-a388-b588047d8d43.png,2024 Mazda MX-5 Miata,"28,985",Van
https://platform.cstatic-images.com/medium/in/v2/stock_photos/4fb751b4-6485-478a-b4af-005b09b36b0f/13049b68-094c-4d6e-a5cb-bdafb9ff581f.png,2024 Mercedes-Benz AMG SL 43,"111,800",Van
https://platform.cstatic-images.com/medium/in/v2/stock_photos/fe46366d-08b4-4616-904a-f433ee410dab/d5435a75-f292-4184-9866-a1f419c62613.png,2024 Jeep Wrangler 4xe,"50,695",Wagon
https://platform.cstatic-images.com/medium/in/v2/stock_photos/ddc572b3-efbe-405e-8ac9-c090401a9aa8/64008fd4-9797-4008-b875-025ef4e44463.png,2024 Audi Q5,"45,300",Wagon
https://platform.cstatic-images.com/medium/in/v2/stock_photos/72abf56b-f3ac-426c-9a85-5406910651ec/34a9eee1-add3-4780-af01-cdc1ee87f25f.png,2024 Chrysler Pacifica,"39,400",Wagon
https://platform.cstatic-images.com/medium/in/v2/stock_photos/a10dd527-a068-4083-ac43-e9f0140fb227/88529174-5e8a-4629-9aa3-8f0bda6377c4.png,2024 GMC Savana 3500,"43,800",Wagon
https://platform.cstatic-images.com/medium/in/v2/stock_photos/efe40fe1-00b9-427d-b632-a2a4b8cfb1a2/b9669147-7a9b-4d1b-b637-1d93593530ec.png,2024 Mercedes-Benz CLE 300,"56,500",Van
https://platform.cstatic-images.com/medium/in/v2/stock_photos/e4bf9d03-bb4a-471b-a78b-ac0919e5b1bd/154abab3-158f-46fe-b019-8dc6a15b370b.png,2025 BMW M850,"106,300",Van
https://platform.cstatic-images.com/medium/in/v2/stock_photos/bbc52b5f-eaf2-4508-8a5d-061d15a10408/2e469888-ca4f-4523-bd71-f3e9d6d64780.png,2024 Mercedes-Benz AMG CLA 45,"65,400",Van
https://platform.cstatic-images.com/medium/in/v2/stock_photos/28789016-f52c-49bf-ba30-fc58db1db3ba/aef5185b-0d88-47da-a93b-5bc273a1f204.png,2024 Mercedes-Benz CLE 450,"65,650",Van
https://platform.cstatic-images.com/medium/in/v2/stock_photos/8c8abeaf-0cc9-465a-9658-20810fa107f6/c8e82cc4-d961-4dfe-933c-dfb7a86614de.png,2024 GMC Savana 2500,"40,700",Wagon
https://platform.cstatic-images.com/medium/in/v2/stock_photos/3a69b615-e3ac-4d23-a6cd-da2101f837a6/982a9011-4fd9-4764-81a4-a3ffd09bf34f.png,2024 Mercedes-Benz Sprinter 2500,"49,900",Wagon
https://platform.cstatic-images.com/medium/in/v2/stock_photos/b67721f7-910b-469d-bd5e-450b75077dd4/1da963ba-a8a4-4bd8-8bae-9b60fbb2ecbe.png,2024 Ford Transit-150,"46,890",Wagon
https://platform.cstatic-images.com/medium/in/v2/stock_photos/a9720ba4-e26b-40a2-ab51-d36528e07871/ecfa6741-6a8d-47f2-8ee4-d0acacf7cb0c.png,2024 Chevrolet Express 2500,"40,700",Wagon
https://platform.cstatic-images.com/medium/in/v2/stock_photos/acfa8d9a-211a-49bc-bd7e-a4eec8705ac6/c3337dae-2d0a-45b0-966a-81e08fe26364.png,2024 Mazda MX-5 Miata RF,"37,010",Hatchback
https://platform.cstatic-images.com/medium/in/v2/stock_photos/c5097d10-10cd-4972-b789-cdf01a3a4d8c/1b7b81e5-ead0-4b0a-9abb-0db3501ce43d.png,2024 BMW M440 Gran Coupe,"61,050",Van
https://platform.cstatic-images.com/medium/in/v2/stock_photos/04cb0534-54ea-4fdf-a61b-7dc884a75130/a425603c-1eee-456d-835e-d07de0cb7aac.png,2025 BMW 430,"50,700",Van
https://platform.cstatic-images.com/medium/in/v2/stock_photos/7c4a7d04-7577-4376-807a-99e108873125/9896a8ae-8513-4a9d-87bd-acc3c7ccbc82.png,2024 Mercedes-Benz EQE 350+,"74,900",Van
https://platform.cstatic-images.com/medium/in/v2/stock_photos/ca170c01-ba6c-43de-8e16-b546f26f716b/f28500bd-5c56-46f7-a32c-5457eb76b1a3.png,2024 Chevrolet Equinox EV,"41,900",Van
https://platform.cstatic-images.com/medium/in/v2/stock_photos/d7670fdb-ff04-42d3-94b7-16d97c772174/ee5dd154-3cd6-4774-bfc4-201d60a1ed9c.png,2025 Porsche Taycan Cross Turismo,"111,100",Wagon
https://platform.cstatic-images.com/medium/in/v2/stock_photos/e5e1a559-bda3-4c95-856b-de3c73d1e319/262575ea-b6c0-4a83-968c-3f03a516fcc9.png,2024 MINI Clubman,"34,050",Wagon
https://platform.cstatic-images.com/medium/in/v2/stock_photos/de8d1c71-44bc-49d7-9754-7757d1ae2685/8625596a-76fd-4d46-9547-5d22a6c3d0a4.png,2024 Audi A4 allroad,"47,600",Wagon
https://platform.cstatic-images.com/medium/in/v2/stock_photos/d6c00534-29b1-4b0c-8e4c-afdf264bee2f/a8e4361a-dd64-4437-819b-84c7d02fc87c.png,2024 Volvo V60 Recharge Plug-In Hybrid,"71,250",Wagon
https://platform.cstatic-images.com/medium/in/v2/stock_photos/64e00059-791b-4dfd-bb58-8a98e36a3cf7/4d15223b-9f52-4fb0-b777-78b69526d777.png,2024 Audi RS 6 Avant,"125,800",Wagon
https://platform.cstatic-images.com/medium/in/v2/stock_photos/183c681d-dc9c-4b6e-86a9-d7e729aacd63/7ca682a0-81a4-43b3-94b5-c349df6c4d38.png,2025 BMW Z4,"54,050",Hatchback
https://platform.cstatic-images.com/medium/in/v2/stock_photos/c04a62c7-147a-4d68-bcc0-f88463c8a586/7e98902c-b3e2-4625-b6f9-54cc8bdfb897.png,2024 MINI Convertible,"35,700",Hatchback
https://platform.cstatic-images.com/medium/in/v2/stock_photos/ff81f70d-e6da-41ed-b71f-8b6b428383eb/8e75af4c-0093-4e71-9e27-135d6fe48b00.png,2024 Porsche 718 Boxster,"70,400",Hatchback
https://platform.cstatic-images.com/medium/in/v2/stock_photos/ebc67fed-2cde-4e19-a4de-7eefbede5cb5/ac2a89a6-66f1-44d6-a388-b588047d8d43.png,2024 Mazda MX-5 Miata,"28,985",Hatchback
https://platform.cstatic-images.com/medium/in/v2/stock_photos/4fb751b4-6485-478a-b4af-005b09b36b0f/13049b68-094c-4d6e-a5cb-bdafb9ff581f.png,2024 Mercedes-Benz AMG SL 43,"111,800",Hatchback
https://platform.cstatic-images.com/medium/in/v2/stock_photos/e4bf9d03-bb4a-471b-a78b-ac0919e5b1bd/154abab3-158f-46fe-b019-8dc6a15b370b.png,2025 BMW M850,"106,300",Hatchback
https://platform.cstatic-images.com/medium/in/v2/stock_photos/acfa8d9a-211a-49bc-bd7e-a4eec8705ac6/c3337dae-2d0a-45b0-966a-81e08fe26364.png,2024 Mazda MX-5 Miata RF,"37,010",Coupe
https://platform.cstatic-images.com/medium/in/v2/stock_photos/87231a91-1c6b-4c61-b493-b2ed32ca3249/81e68958-ced0-4d48-b938-fc2d5e3a5551.png,2024 Nissan ARIYA,"39,590",Van
https://platform.cstatic-images.com/medium/in/v2/stock_photos/272688d2-b631-49f5-856c-91e43310b098/0ae92f6b-b4eb-40fc-acdc-40a91c9d4720.png,2024 Volvo XC40 Recharge Pure Electric,"52,450",Van
https://platform.cstatic-images.com/medium/in/v2/stock_photos/f674de28-d6e8-4c32-8f88-6b91ba8105a7/36d5925c-673d-4208-86fa-974170858f9f.png,2024 Ford E-Transit,"51,490",Van
https://platform.cstatic-images.com/medium/in/v2/stock_photos/5230b11c-4110-4361-8e91-c6c3002708b4/7918b020-8d8b-403f-8e64-b0e5f76cd9d2.png,2024 Mercedes-Benz EQE 350,"77,900",Van
https://platform.cstatic-images.com/medium/in/v2/stock_photos/01ca118d-7064-4146-aed6-9a485755e8d8/927967e3-842f-4c3f-851b-fc8714591f78.png,2024 Kia Telluride,"36,190",Wagon
https://platform.cstatic-images.com/medium/in/v2/stock_photos/7e300871-2767-4a99-8644-d45bf4e3b59e/ead84a8d-1185-4327-a41c-58fac073687a.png,2024 Genesis Electrified GV70,"66,450",Wagon
https://platform.cstatic-images.com/medium/in/v2/stock_photos/1f188042-cb21-4d12-b0c2-c9bf796fcb2e/500161f1-c5b0-4e05-acc4-ea64d0029cf5.png,2024 Chevrolet Trax,"20,400",Wagon
https://platform.cstatic-images.com/medium/in/v2/stock_photos/1a441a85-229f-4ef1-a688-2e81105ae1d1/c7a05184-15e2-40b8-b01b-58a1f04f6909.png,2024 Ford F-250,"44,970",Wagon
https://platform.cstatic-images.com/medium/in/v2/stock_photos/f4705bb2-a8ac-42b9-aa7a-6007a5be1972/cf2cc806-9dcf-4f36-9fce-7411677d2658.png,2024 Ford F-350,"46,015",Wagon
https://platform.cstatic-images.com/medium/in/v2/stock_photos/ba9f475b-1984-4dff-9ead-2f2e93a6c3e5/01b1092b-7eb3-46a6-8800-0e97e5231da2.png,2024 Ford Mustang,"30,920",Hatchback
https://platform.cstatic-images.com/medium/in/v2/stock_photos/9ed5f983-8331-4435-8212-0f900d105b0c/f0697e4b-4a36-4fa5-8dad-4b1564146e0c.png,2024 BMW M240,"49,700",Hatchback
https://platform.cstatic-images.com/medium/in/v2/stock_photos/ee656f40-a1a3-4c5a-96b7-bac66dd0c88f/027f9e5c-be56-4f46-8ea7-b5b038fa1dd2.png,2024 BMW 230,"38,800",Hatchback
https://platform.cstatic-images.com/medium/in/v2/stock_photos/4b438fd2-ad5f-42fe-a611-4db30945dd0b/6f42c2d6-27cb-49ad-a4f7-0c4f49138315.png,2024 Audi S5,"57,500",Hatchback
https://platform.cstatic-images.com/medium/in/v2/stock_photos/183c681d-dc9c-4b6e-86a9-d7e729aacd63/7ca682a0-81a4-43b3-94b5-c349df6c4d38.png,2025 BMW Z4,"54,050",Coupe
https://platform.cstatic-images.com/medium/in/v2/stock_photos/c04a62c7-147a-4d68-bcc0-f88463c8a586/7e98902c-b3e2-4625-b6f9-54cc8bdfb897.png,2024 MINI Convertible,"35,700",Coupe
https://platform.cstatic-images.com/medium/in/v2/stock_photos/ff81f70d-e6da-41ed-b71f-8b6b428383eb/8e75af4c-0093-4e71-9e27-135d6fe48b00.png,2024 Porsche 718 Boxster,"70,400",Coupe
https://platform.cstatic-images.com/medium/in/v2/stock_photos/ebc67fed-2cde-4e19-a4de-7eefbede5cb5/ac2a89a6-66f1-44d6-a388-b588047d8d43.png,2024 Mazda MX-5 Miata,"28,985",Coupe
https://platform.cstatic-images.com/medium/in/v2/stock_photos/4fb751b4-6485-478a-b4af-005b09b36b0f/13049b68-094c-4d6e-a5cb-bdafb9ff581f.png,2024 Mercedes-Benz AMG SL 43,"111,800",Coupe
https://platform.cstatic-images.com/medium/in/v2/stock_photos/dd69e886-737e-4589-a206-a554964a707b/16761036-9103-4fdf-99bb-ad5b4e03734a.png,2024 Nissan GT-R,"121,090",Coupe
https://platform.cstatic-images.com/medium/in/v2/stock_photos/0424213a-8344-4b68-9095-e38a57c9a1f6/165f36fa-6d18-4433-9347-bd13081d3c46.png,2024 Kia Soul,"20,190",Van
https://platform.cstatic-images.com/medium/in/v2/stock_photos/72330740-8105-498b-987c-46354017d84c/3c2fc66d-cd14-43d5-a20f-2489b56cd11f.png,2024 Audi RS 7,"127,800",Van
https://platform.cstatic-images.com/medium/in/v2/stock_photos/051de4b3-4717-48d3-833a-af2dd2f81773/dc601135-06bb-40d6-b608-1a2f55b847aa.png,2024 Toyota Prius,"27,950",Van
https://platform.cstatic-images.com/medium/in/v2/stock_photos/594aad04-04e8-42fe-ba5b-26954d8c8c7f/7ff6f847-20a7-4ebd-8a73-12b7a6392461.png,2024 Audi A7,"72,000",Van
https://platform.cstatic-images.com/medium/in/v2/stock_photos/8c40078d-633d-4d42-a27e-7435e91bf0e0/c7dc90df-2ccb-449c-8a2d-184c7b5369d5.png,2024 Tesla Model S,"72,990",Van
https://platform.cstatic-images.com/medium/in/v2/stock_photos/8736e4fd-d02b-48a1-8750-166d930c3f6d/0f2f1234-3d4b-4a8a-9bc1-7bc44696a30a.png,2024 Toyota Prius Prime,"32,975",Van
https://platform.cstatic-images.com/medium/in/v2/stock_photos/99fad16a-3c8c-431f-9dc6-39f6c2c1e874/5fcba20a-ac86-4a3d-bbc0-f4f32de1385d.png,2024 Jeep Wrangler 4xe,"50,695",Wagon
https://platform.cstatic-images.com/medium/in/v2/stock_photos/e7617927-768f-46c2-9fdb-0ddd20ab374d/618c3295-feb4-40d2-8df5-00ae04ebb8dd.png,2024 Jeep Wrangler,"31,995",Wagon
https://platform.cstatic-images.com/medium/in/v2/stock_photos/c7cebe61-27c0-4b89-a820-fe0b24766572/1c51062e-c1cc-498c-9de6-3c4e235c6fa7.png,2024 Hyundai IONIQ 5,"41,800",Wagon
https://platform.cstatic-images.com/medium/in/v2/stock_photos/35f42331-9d8f-47e4-b1b8-8bcdb74f1e19/2dd50260-7734-4dd8-9be2-393f30761d53.png,2024 Maserati GranTurismo,"158,000",Hatchback
https://platform.cstatic-images.com/medium/in/v2/stock_photos/f92df8fe-97d9-48cf-acdd-385224bd345c/3ac0b975-8bc9-41c5-890d-cca4b4b84b74.png,2024 FIAT 500e,"32,500",Hatchback
https://platform.cstatic-images.com/medium/in/v2/stock_photos/24c3f693-a4a7-4427-9679-5b38d2ca1aba/98bcb5ce-faaf-48b0-86e5-a86f1641acd8.png,2024 Genesis GV60,"52,000",Hatchback
https://platform.cstatic-images.com/medium/in/v2/stock_photos/0c16cafc-f17e-452c-8e9d-8ee45bff6118/a4128b46-9cb2-4abc-ae92-b95ee35bc6a1.png,2024 Mercedes-Benz EQS 450+,"104,400",Hatchback
https://platform.cstatic-images.com/medium/in/v2/stock_photos/53a3b17f-50d8-450f-a15e-da69c549fec9/63973d18-c916-4ada-89f0-eb2268738408.png,2024 BMW i4 Gran Coupe,"52,200",Hatchback
https://platform.cstatic-images.com/medium/in/v2/stock_photos/8cc82c2d-982d-4993-8144-e9cbeb754fd3/42ba2b46-997b-4c15-b5b6-599064e50b52.png,2024 Chevrolet Camaro,"30,900",Coupe
https://platform.cstatic-images.com/medium/in/v2/stock_photos/4dbb1c39-9e19-4395-9d70-32a215cb0170/ab48d275-b663-4a80-8553-d7f81a4d2508.png,2024 Toyota GR86,"29,300",Coupe
https://platform.cstatic-images.com/medium/in/v2/stock_photos/a820b914-1869-42a7-b00b-58bb8f24241f/b4df72b5-aae5-42ab-a434-9339a898e1a1.png,2024 Lexus RC 350,"47,700",Coupe
https://platform.cstatic-images.com/medium/in/v2/stock_photos/ba1873ce-fb91-413c-b929-9d8255d7965f/906ddd41-41b2-4a04-a390-5d8407da18f4.png,2024 Porsche 911,"114,400",Coupe
https://platform.cstatic-images.com/medium/in/v2/stock_photos/4f82bd19-2719-4b00-8832-91f1b973669a/bd90ec13-1ac3-434d-98d6-c2d3f3dfb9ed.png,2024 Lexus LC 500h,"101,750",Coupe
https://platform.cstatic-images.com/medium/in/v2/stock_photos/a7b56de0-ac03-44ae-9f45-591cda185fc0/b7ee6e1d-5cd4-4f35-85dd-fb3c228fb6c3.png,2024 Jaguar I-PACE,"72,000",Coupe
https://platform.cstatic-images.com/medium/in/v2/stock_photos/001ad4d5-f932-457d-9a20-a899d54f567f/7b02acfd-78eb-44d1-b4c3-62e79d3502f7.png,2024 GMC Sierra 2500,"45,400",Van
https://platform.cstatic-images.com/medium/in/v2/stock_photos/1cf988be-4f31-45b7-bf36-ab0809499246/310ae025-ae53-4122-8533-f794c45f2ce0.png,2024 RAM 3500,"46,255",Van
https://platform.cstatic-images.com/medium/in/v2/stock_photos/11ef9c46-e686-4d14-a6c1-fc3e2761a5fb/66ebc0c8-0bbe-4977-9f5c-31d29ccf1cfd.png,2024 GMC Sierra 1500,"37,700",Van
https://platform.cstatic-images.com/medium/in/v2/stock_photos/c3c46689-25db-4af5-bb0c-84c7252cdf53/cf52e21f-cba4-4826-9977-386b6ae1f10e.png,2024 Ford F-150 Lightning,"54,995",Van
https://platform.cstatic-images.com/medium/in/v2/stock_photos/15252741-eb5a-4ba1-bb79-eb3e5c2e7c6a/d6ac2bfa-3e9c-45dd-9365-5bdfc5aae9e1.png,2024 Ford F-350,"46,015",Van
https://platform.cstatic-images.com/medium/in/v2/stock_photos/7e300871-2767-4a99-8644-d45bf4e3b59e/a32fac93-30d3-4e5a-b674-8ca69bbcd340.png,2024 Genesis Electrified GV70,"66,450",Hatchback
https://platform.cstatic-images.com/medium/in/v2/stock_photos/c2fd6668-29cd-41c7-9c31-c5aa96577066/c91dd212-8c10-438f-adb7-f76b3a65f08f.png,2024 Kia EV9,"54,900",Hatchback
https://platform.cstatic-images.com/medium/in/v2/stock_photos/e352a248-4fe3-45b2-8b94-d2c1c9b5076b/c91e7ada-9695-4943-baa2-9335b9b5a0fb.png,2024 Volkswagen Golf GTI,"31,965",Hatchback
https://platform.cstatic-images.com/medium/in/v2/stock_photos/72330740-8105-498b-987c-46354017d84c/3c2fc66d-cd14-43d5-a20f-2489b56cd11f.png,2024 Audi RS 7,"127,800",Hatchback
https://platform.cstatic-images.com/medium/in/v2/stock_photos/e51cb433-ca20-4a19-815b-d8aa4ec5550d/f3d87057-d22b-45fa-97fc-f6ee2c535c9c.png,2024 MINI SE Hardtop,"30,900",Hatchback
https://platform.cstatic-images.com/medium/in/v2/stock_photos/f0fa92d0-5b3c-47a9-aeff-f2acb46dbd26/5ef1def9-cd57-4320-9156-6d08b262e937.png,2024 Tesla Model Y,"42,990",Coupe
https://platform.cstatic-images.com/medium/in/v2/stock_photos/bf5be958-18ff-487a-ab37-5791481af519/74aa681f-4ec5-42d0-9ede-4b0ac5d7d2ce.png,2024 Honda Prologue,"51,700",Coupe
https://platform.cstatic-images.com/medium/in/v2/stock_photos/acfd2e01-eac2-4a84-afd8-8d58af1a16f5/b888d3c3-fa32-43ba-bf9f-32db9ecb34b2.png,2024 Toyota bZ4X,"43,070",Coupe
https://platform.cstatic-images.com/medium/in/v2/stock_photos/1396e1a1-4fb4-429f-b69f-761a3e405c17/12b83994-aa91-403a-9ba1-7d0b2614577e.png,2024 Mercedes-Benz EQE 500,"85,900",Coupe
https://platform.cstatic-images.com/medium/in/v2/stock_photos/d97eb0a5-31ba-4150-939f-0f86b265b754/9f15d934-693e-403d-9637-aa4a25bcd429.png,2024 GMC HUMMER EV SUV,"96,550",Coupe
https://platform.cstatic-images.com/medium/in/v2/stock_photos/72330740-8105-498b-987c-46354017d84c/3c2fc66d-cd14-43d5-a20f-2489b56cd11f.png,2024 Audi RS 7,"127,800",Coupe
https://platform.cstatic-images.com/medium/in/v2/stock_photos/f6dba466-c9c0-4c35-9231-39a2ca9b8118/dd0c2c30-efac-4820-ad74-7491f22ddc5c.png,2024 Rivian R1T,"69,900",Van
https://platform.cstatic-images.com/medium/in/v2/stock_photos/72ff00b5-137a-4fb4-8a41-b2e8ae53ec3d/bb6ff0a0-e24c-43c0-b139-417bc39df8a0.png,2024 Lexus IS 300,"40,085",Van
https://platform.cstatic-images.com/medium/in/v2/stock_photos/f8e9628e-1b9a-454c-8c5e-936c350098fe/1c24be81-b2a3-4949-8ab3-3bf954ad0eea.png,2024 Audi A8,"90,900",Van
https://platform.cstatic-images.com/medium/in/v2/stock_photos/3d76cb38-a0ef-4331-986c-9bfedf022850/85f09897-3bf9-4272-9d5a-263889e601d2.png,2024 BMW i7,"105,700",Van
https://platform.cstatic-images.com/medium/in/v2/stock_photos/aa1648c7-fbd2-43a5-9dcd-9207a62991c1/3fadfd10-f222-4bd9-85c1-a0985f6107d9.png,2024 Audi S8,"123,400",Van
https://platform.cstatic-images.com/medium/in/v2/stock_photos/0179e502-9fb6-4c0f-a8c8-4eb1a7f018f2/b623c1be-1ea4-46d8-b62b-17efb086f672.png,2024 Mitsubishi Mirage,"16,695",Hatchback
https://platform.cstatic-images.com/medium/in/v2/stock_photos/bfc00d89-233c-4678-817e-902b5157ae87/fed5fb3b-a438-4cfc-b2b7-313c1bf39f0a.png,2024 Polestar 2,"49,900",Hatchback
https://platform.cstatic-images.com/medium/in/v2/stock_photos/72229c63-3fc3-4154-9662-d4e0225173a1/1236589a-c9f3-437b-9c7c-93b03a65de76.png,2024 Volkswagen Golf R,"45,665",Hatchback
https://platform.cstatic-images.com/medium/in/v2/stock_photos/332541f6-65aa-465d-bfbe-fc34514074f7/90de1039-0afc-4e27-9525-840fdd215a6e.png,2024 RAM 2500,"45,250",Hatchback
https://platform.cstatic-images.com/medium/in/v2/stock_photos/c9e050e9-f2b1-4e21-b537-f1258860e1f4/b65442af-22e5-4e48-b389-b5b4822327e9.png,2024 RAM 1500 Classic,"38,705",Hatchback
https://platform.cstatic-images.com/medium/in/v2/stock_photos/0179e502-9fb6-4c0f-a8c8-4eb1a7f018f2/b623c1be-1ea4-46d8-b62b-17efb086f672.png,2024 Mitsubishi Mirage,"16,695",Coupe
https://platform.cstatic-images.com/medium/in/v2/stock_photos/413a57e0-50c7-4039-8d4a-f1412f995b78/336bd6ea-64e8-4265-b75c-0caf13fbf202.png,2024 Subaru Impreza,"22,995",Coupe
https://platform.cstatic-images.com/medium/in/v2/stock_photos/bc71279f-f78f-4079-8f93-0f31c5bbe4fc/8662de9f-aadc-464b-85a6-ba7e29306593.png,2024 BMW 430 Gran Coupe,"48,300",Coupe
https://platform.cstatic-images.com/medium/in/v2/stock_photos/594aad04-04e8-42fe-ba5b-26954d8c8c7f/7ff6f847-20a7-4ebd-8a73-12b7a6392461.png,2024 Audi A7,"72,000",Coupe
https://platform.cstatic-images.com/medium/in/v2/stock_photos/72229c63-3fc3-4154-9662-d4e0225173a1/1236589a-c9f3-437b-9c7c-93b03a65de76.png,2024 Volkswagen Golf R,"45,665",Coupe
https://platform.cstatic-images.com/medium/in/v2/stock_photos/a5f237d4-9dbf-47f2-abf4-b900c0ceb471/2aad758b-c8d0-4a32-b57b-d39895f5c997.png,2024 Toyota Tundra Hybrid,"57,625",Coupe
https://platform.cstatic-images.com/medium/in/v2/stock_photos/a27b9652-b8e7-4905-a0d2-02cb289b473e/bc19cc0a-f7c3-4dd4-940d-4c0d9897d396.png,2024 Subaru WRX,"32,735",Van
https://platform.cstatic-images.com/medium/in/v2/stock_photos/90486fb3-bbe8-4d2e-bc05-53c5ad5ab1f3/da0e26a9-4a86-4179-84d2-d6f9426f19a0.png,2024 Volkswagen Jetta GLI,"28,085",Van
https://platform.cstatic-images.com/medium/in/v2/stock_photos/83badad3-33fb-476a-b976-cbc2c4149109/2246031e-7a1c-42c7-82fd-7050d6ffdc62.png,2024 Ford Bronco,"39,630",Van
https://platform.cstatic-images.com/medium/in/v2/stock_photos/bf5be958-18ff-487a-ab37-5791481af519/74aa681f-4ec5-42d0-9ede-4b0ac5d7d2ce.png,2024 Honda Prologue,"51,700",Van
https://platform.cstatic-images.com/medium/in/v2/stock_photos/ab78551d-c08a-4fc9-8fd3-70ed40fb9345/94645a44-36bf-494a-9065-cf6a650d8acb.png,2024 Audi Q8 e-tron,"74,400",Van
https://platform.cstatic-images.com/medium/in/v2/stock_photos/17448b59-3322-46b0-8346-79a50d853c9c/15019998-4045-4b3a-bae4-0ef9c366c1fa.png,2024 GMC HUMMER EV,"96,550",Hatchback
https://platform.cstatic-images.com/medium/in/v2/stock_photos/bc066265-fa73-46c1-90cc-9e465fe780d7/96c823e7-f506-4814-bd29-cb952f828ab2.png,2024 Chevrolet Silverado 2500,"44,400",Hatchback
https://platform.cstatic-images.com/medium/in/v2/stock_photos/11ef9c46-e686-4d14-a6c1-fc3e2761a5fb/66ebc0c8-0bbe-4977-9f5c-31d29ccf1cfd.png,2024 GMC Sierra 1500,"37,700",Hatchback
https://platform.cstatic-images.com/medium/in/v2/stock_photos/15252741-eb5a-4ba1-bb79-eb3e5c2e7c6a/d6ac2bfa-3e9c-45dd-9365-5bdfc5aae9e1.png,2024 Ford F-350,"46,015",Hatchback
https://platform.cstatic-images.com/medium/in/v2/stock_photos/95ad0a58-a696-4926-bfa3-a6f34bb740dd/43893b61-dfae-4116-a5d9-005f7a997372.png,2024 Maserati Quattroporte,"139,000",Hatchback
https://platform.cstatic-images.com/medium/in/v2/stock_photos/f69eb123-5ce9-4d29-a585-1b6134bde7f2/7c116603-4b9a-4410-9d11-95605bfafca5.png,2024 Hyundai Santa Cruz,"26,900",Coupe
https://platform.cstatic-images.com/medium/in/v2/stock_photos/6ffc12c3-c1a9-44db-93fb-3988ef29c43b/9e145867-eb96-4efd-a9b8-cbea7b1efdc1.png,2024 Toyota Tundra,"39,965",Coupe
https://platform.cstatic-images.com/medium/in/v2/stock_photos/0213e906-6d65-4b4d-aec2-86559a5309d2/1ec5dd7f-6949-4ec8-9a38-ef02d3107fbe.png,2024 Honda Ridgeline,"39,750",Coupe
https://platform.cstatic-images.com/medium/in/v2/stock_photos/332541f6-65aa-465d-bfbe-fc34514074f7/90de1039-0afc-4e27-9525-840fdd215a6e.png,2024 RAM 2500,"45,250",Coupe
https://platform.cstatic-images.com/medium/in/v2/stock_photos/559f55fa-c90c-4e0c-a6c5-0ae31a9121c8/1cb1769d-a82f-498a-9c8b-0919fe641b2c.png,2024 Toyota Tacoma,"31,500",Coupe
https://platform.cstatic-images.com/medium/in/v2/stock_photos/8546a68e-a209-43d3-9b58-fd853afd82fa/dcc26eb0-3ea3-46d2-a72e-b84b889baa39.png,2024 Nissan Sentra,"21,180",Coupe
https://platform.cstatic-images.com/medium/in/v2/stock_photos/a806e9fc-c0b8-414a-923d-110102e0f987/19667dfd-16da-45ab-ace7-1a505dc72472.png,2024 Lexus RX 350h,"50,750",Van
https://platform.cstatic-images.com/medium/in/v2/stock_photos/549b153b-5292-4268-8e92-e7001a79c0c9/6db1a243-5080-4311-93b7-519b2727662a.png,2024 GMC Yukon,"58,200",Van
https://platform.cstatic-images.com/medium/in/v2/stock_photos/d5f9cf4d-6b32-4424-8fa3-092abf2037f5/9416bf4c-b34b-4af3-a67a-f31b46a6b36f.png,2024 Kia Sorento,"31,990",Van
https://platform.cstatic-images.com/medium/in/v2/stock_photos/72abf56b-f3ac-426c-9a85-5406910651ec/34a9eee1-add3-4780-af01-cdc1ee87f25f.png,2024 Chrysler Pacifica,"39,400",Van
https://platform.cstatic-images.com/medium/in/v2/stock_photos/a10dd527-a068-4083-ac43-e9f0140fb227/88529174-5e8a-4629-9aa3-8f0bda6377c4.png,2024 GMC Savana 3500,"43,800",Van
https://platform.cstatic-images.com/medium/in/v2/stock_photos/a00f6fc5-4a6a-47a0-9837-ab8c19eccf04/952d42c1-db81-4b0f-8c99-b18f22f01a92.png,2024 BMW M340,"57,600",Hatchback
https://platform.cstatic-images.com/medium/in/v2/stock_photos/f8dc959a-26c7-4e90-99c6-578412d4cb2b/40eaa472-4459-4279-8d8b-749e2aae0c79.png,2024 Toyota Mirai,"50,190",Hatchback
https://platform.cstatic-images.com/medium/in/v2/stock_photos/60e5cbb0-6f85-4027-8bf4-73becb6cc5cc/0b5c287f-0e3c-4a49-95b2-bde17752220e.png,2024 Hyundai Sonata Hybrid,"30,800",Hatchback
https://platform.cstatic-images.com/medium/in/v2/stock_photos/af79c98e-24eb-42f9-a7a3-052256bc39bf/24fdd341-f6d7-42a8-982f-19b30dfa4308.png,2024 Lexus ES 350,"42,040",Hatchback
https://platform.cstatic-images.com/medium/in/v2/stock_photos/1a45c07d-83fa-4851-9735-e97b68ee051c/ed659b7b-4e0b-4c86-812c-6d37d1b092bd.png,2025 BMW 840 Gran Coupe,"90,800",Hatchback
https://platform.cstatic-images.com/medium/in/v2/stock_photos/7a9ae277-a0be-49b7-b861-36c820db1249/d9cc07a8-fcfc-474d-aa74-e5df6d4c04aa.png,2024 Ford Escape PHEV,"40,500",Hatchback
https://platform.cstatic-images.com/medium/in/v2/stock_photos/0c9160df-3241-467f-a20b-a5a12fad1618/75408270-a46b-4e88-92cf-5a5098a9f108.png,2024 Mercedes-Benz Maybach S 580,"198,300",Coupe
https://platform.cstatic-images.com/medium/in/v2/stock_photos/8c54e3b0-78d5-4fa4-a8ad-aad3533d3591/09188d92-d1c3-4924-b1c0-b4a045d5a1ee.png,2024 Hyundai Elantra,"21,625",Coupe
https://platform.cstatic-images.com/medium/in/v2/stock_photos/51993ae3-0ee9-49eb-8cf7-76cd399bd46c/eeb6d3ce-d9fe-408d-8f50-4564d183a15c.png,2024 BMW 750e,"107,000",Coupe
https://platform.cstatic-images.com/medium/in/v2/stock_photos/1396e1a1-4fb4-429f-b69f-761a3e405c17/12b83994-aa91-403a-9ba1-7d0b2614577e.png,2024 Mercedes-Benz EQE 500,"85,900",Coupe
https://platform.cstatic-images.com/medium/in/v2/stock_photos/1a027bed-06fd-491a-b83b-e8419c1d54f9/0a351625-47fa-42a8-aecd-2b75a3478c4b.png,2024 Volvo S90 Recharge Plug-In Hybrid,"65,650",Coupe
https://platform.cstatic-images.com/medium/in/v2/stock_photos/a7b56de0-ac03-44ae-9f45-591cda185fc0/b7ee6e1d-5cd4-4f35-85dd-fb3c228fb6c3.png,2024 Jaguar I-PACE,"72,000",Coupe
https://platform.cstatic-images.com/medium/in/v2/stock_photos/4dda792f-f647-43db-ad50-162ac4296501/78392b37-865a-4c7c-8bb0-a6e2b421cfe3.png,2024 Mercedes-Benz Sprinter 3500,"52,800",Van
https://platform.cstatic-images.com/medium/in/v2/stock_photos/024996d5-5e9d-44a3-80b0-4d7ae91da0bc/7cbd9f23-9850-492a-9b9e-ce83159827ae.png,2024 Toyota Sienna,"37,685",Van
https://platform.cstatic-images.com/medium/in/v2/stock_photos/2a6f8aa2-2a75-499c-87cc-6fb8dd9e6b82/373c0780-e2f0-4f25-9df5-419fd023147c.png,2024 Chevrolet Express 3500,"43,800",Van
https://platform.cstatic-images.com/medium/in/v2/stock_photos/f674de28-d6e8-4c32-8f88-6b91ba8105a7/36d5925c-673d-4208-86fa-974170858f9f.png,2024 Ford E-Transit,"51,490",Van
https://platform.cstatic-images.com/medium/in/v2/stock_photos/67d55d75-b2b8-4b65-96d0-7a6f66187479/09809685-8afe-4261-bee4-afc012daf8f2.png,2024 Mercedes-Benz AMG G 63,"183,000",Hatchback
https://platform.cstatic-images.com/medium/in/v2/stock_photos/b748a9c1-3d78-4b76-bdfe-51f800ca8625/5b4f2897-7ac6-4919-a22f-175aa7614100.png,2024 Audi SQ5,"57,700",Coupe
https://platform.cstatic-images.com/medium/in/v2/stock_photos/d7670fdb-ff04-42d3-94b7-16d97c772174/ee5dd154-3cd6-4774-bfc4-201d60a1ed9c.png,2025 Porsche Taycan Cross Turismo,"111,100",Van
https://platform.cstatic-images.com/medium/in/v2/stock_photos/e5e1a559-bda3-4c95-856b-de3c73d1e319/262575ea-b6c0-4a83-968c-3f03a516fcc9.png,2024 MINI Clubman,"34,050",Van
https://platform.cstatic-images.com/medium/in/v2/stock_photos/de8d1c71-44bc-49d7-9754-7757d1ae2685/8625596a-76fd-4d46-9547-5d22a6c3d0a4.png,2024 Audi A4 allroad,"47,600",Van
https://platform.cstatic-images.com/medium/in/v2/stock_photos/d6c00534-29b1-4b0c-8e4c-afdf264bee2f/a8e4361a-dd64-4437-819b-84c7d02fc87c.png,2024 Volvo V60 Recharge Plug-In Hybrid,"71,250",Van
https://platform.cstatic-images.com/medium/in/v2/stock_photos/64e00059-791b-4dfd-bb58-8a98e36a3cf7/4d15223b-9f52-4fb0-b777-78b69526d777.png,2024 Audi RS 6 Avant,"125,800",Van
https://platform.cstatic-images.com/medium/in/v2/stock_photos/d97ae53f-76ad-4f9d-b122-0c9aa653d89e/7880d3f2-ac59-4ba6-a4c0-b87fe3e6ad64.png,2024 Toyota RAV4,"28,675",Hatchback
https://platform.cstatic-images.com/medium/in/v2/stock_photos/19dcd17a-8951-4f5e-a0d5-daf8e7bcfe0d/7d745556-dc81-4b63-b314-68f1d898a5e3.png,2024 Lexus GX 550,"62,900",Hatchback
https://platform.cstatic-images.com/medium/in/v2/stock_photos/a51bec44-fc77-4b4c-a8c8-de536058644b/cbac4947-0a82-4924-88b7-b76680ae9d56.png,2024 Chevrolet Suburban,"59,200",Hatchback
https://platform.cstatic-images.com/medium/in/v2/stock_photos/50931bd8-d51b-4b93-bf90-5a3dec904354/24f8ab81-9c40-41d1-af92-3a608fad41f8.png,2024 Chevrolet Blazer EV,"48,800",Coupe
https://platform.cstatic-images.com/medium/in/v2/stock_photos/7e300871-2767-4a99-8644-d45bf4e3b59e/a32fac93-30d3-4e5a-b674-8ca69bbcd340.png,2024 Genesis Electrified GV70,"66,450",Coupe
https://platform.cstatic-images.com/medium/in/v2/stock_photos/e200e50c-2d79-4708-9d5c-7e421e558dc7/d117549b-e20d-4a6a-9833-1689e9516f56.png,2025 Buick Encore GX,"26,000",Coupe
https://platform.cstatic-images.com/medium/in/v2/stock_photos/1b2905dd-7b81-4ca0-962c-235355c6a806/59ad70d5-acca-4eec-8fe1-c07124ce3445.png,2024 Volvo XC90 Recharge Plug-In Hybrid,"71,900",Coupe
https://platform.cstatic-images.com/medium/in/v2/stock_photos/01ca118d-7064-4146-aed6-9a485755e8d8/927967e3-842f-4c3f-851b-fc8714591f78.png,2024 Kia Telluride,"36,190",Van
https://platform.cstatic-images.com/medium/in/v2/stock_photos/7e300871-2767-4a99-8644-d45bf4e3b59e/ead84a8d-1185-4327-a41c-58fac073687a.png,2024 Genesis Electrified GV70,"66,450",Van
https://platform.cstatic-images.com/medium/in/v2/stock_photos/1f188042-cb21-4d12-b0c2-c9bf796fcb2e/500161f1-c5b0-4e05-acc4-ea64d0029cf5.png,2024 Chevrolet Trax,"20,400",Van
https://platform.cstatic-images.com/medium/in/v2/stock_photos/1a441a85-229f-4ef1-a688-2e81105ae1d1/c7a05184-15e2-40b8-b01b-58a1f04f6909.png,2024 Ford F-250,"44,970",Van
https://platform.cstatic-images.com/medium/in/v2/stock_photos/f4705bb2-a8ac-42b9-aa7a-6007a5be1972/cf2cc806-9dcf-4f36-9fce-7411677d2658.png,2024 Ford F-350,"46,015",Van
https://platform.cstatic-images.com/medium/in/v2/stock_photos/99fad16a-3c8c-431f-9dc6-39f6c2c1e874/5fcba20a-ac86-4a3d-bbc0-f4f32de1385d.png,2024 Jeep Wrangler 4xe,"50,695",Van
https://platform.cstatic-images.com/medium/in/v2/stock_photos/e7617927-768f-46c2-9fdb-0ddd20ab374d/618c3295-feb4-40d2-8df5-00ae04ebb8dd.png,2024 Jeep Wrangler,"31,995",Van
https://platform.cstatic-images.com/medium/in/v2/stock_photos/c8947a91-445c-4996-b74d-6f47719b30ff/f648691b-d9f0-4755-a2de-411c0bad6bcc.png,2024 Alfa Romeo Stelvio,"45,950",Hatchback
https://platform.cstatic-images.com/medium/in/v2/stock_photos/b6a628e3-c711-4377-9635-f2f9fc898f8f/c4b0f751-bbfd-40a7-a36b-8bea1e027ae8.png,2024 Ford Transit-350,"49,090",Hatchback
https://platform.cstatic-images.com/medium/in/v2/stock_photos/8c8abeaf-0cc9-465a-9658-20810fa107f6/c8e82cc4-d961-4dfe-933c-dfb7a86614de.png,2024 GMC Savana 2500,"40,700",Hatchback
https://platform.cstatic-images.com/medium/in/v2/stock_photos/024996d5-5e9d-44a3-80b0-4d7ae91da0bc/7cbd9f23-9850-492a-9b9e-ce83159827ae.png,2024 Toyota Sienna,"37,685",Hatchback
https://platform.cstatic-images.com/medium/in/v2/stock_photos/7c7b4849-4296-4914-ba36-9c1096bb21ef/c6c67e89-8981-4183-a041-9ef7d1342ef5.png,2024 Chrysler Pacifica Hybrid,"50,765",Hatchback
https://platform.cstatic-images.com/medium/in/v2/stock_photos/0033d22e-c254-4709-aa1a-a59a191d4e40/e54a1ec5-9e0a-4c9a-b039-5f4f76317da4.png,2024 Lexus TX 500h,"68,000",Hatchback
https://platform.cstatic-images.com/medium/in/v2/stock_photos/f87e0b1b-0f2b-47c5-bba2-5b9821d12d7d/c101c482-b28d-463b-9555-2260151e4e35.png,2024 Mercedes-Benz Sprinter 3500XD,"58,500",Coupe
https://platform.cstatic-images.com/medium/in/v2/stock_photos/8c8abeaf-0cc9-465a-9658-20810fa107f6/c8e82cc4-d961-4dfe-933c-dfb7a86614de.png,2024 GMC Savana 2500,"40,700",Coupe
https://platform.cstatic-images.com/medium/in/v2/stock_photos/024996d5-5e9d-44a3-80b0-4d7ae91da0bc/7cbd9f23-9850-492a-9b9e-ce83159827ae.png,2024 Toyota Sienna,"37,685",Coupe
https://platform.cstatic-images.com/medium/in/v2/stock_photos/0033d22e-c254-4709-aa1a-a59a191d4e40/e54a1ec5-9e0a-4c9a-b039-5f4f76317da4.png,2024 Lexus TX 500h,"68,000",Coupe
https://platform.cstatic-images.com/medium/in/v2/stock_photos/ba84e091-00e2-4ec7-bde5-87aa7e8b2244/58d9a9d1-55e3-4d49-bbbf-172fa5515766.png,2024 Ford Transit-250,"47,835",Coupe
https://platform.cstatic-images.com/medium/in/v2/stock_photos/c7cebe61-27c0-4b89-a820-fe0b24766572/1c51062e-c1cc-498c-9de6-3c4e235c6fa7.png,2024 Hyundai IONIQ 5,"41,800",Van
https://platform.cstatic-images.com/medium/in/v2/stock_photos/b67721f7-910b-469d-bd5e-450b75077dd4/1da963ba-a8a4-4bd8-8bae-9b60fbb2ecbe.png,2024 Ford Transit-150,"46,890",Hatchback
https://platform.cstatic-images.com/medium/in/v2/stock_photos/d7670fdb-ff04-42d3-94b7-16d97c772174/ee5dd154-3cd6-4774-bfc4-201d60a1ed9c.png,2025 Porsche Taycan Cross Turismo,"111,100",Hatchback
https://platform.cstatic-images.com/medium/in/v2/stock_photos/e5e1a559-bda3-4c95-856b-de3c73d1e319/262575ea-b6c0-4a83-968c-3f03a516fcc9.png,2024 MINI Clubman,"34,050",Hatchback
https://platform.cstatic-images.com/medium/in/v2/stock_photos/de8d1c71-44bc-49d7-9754-7757d1ae2685/8625596a-76fd-4d46-9547-5d22a6c3d0a4.png,2024 Audi A4 allroad,"47,600",Hatchback
https://platform.cstatic-images.com/medium/in/v2/stock_photos/d6c00534-29b1-4b0c-8e4c-afdf264bee2f/a8e4361a-dd64-4437-819b-84c7d02fc87c.png,2024 Volvo V60 Recharge Plug-In Hybrid,"71,250",Hatchback
https://platform.cstatic-images.com/medium/in/v2/stock_photos/64e00059-791b-4dfd-bb58-8a98e36a3cf7/4d15223b-9f52-4fb0-b777-78b69526d777.png,2024 Audi RS 6 Avant,"125,800",Hatchback
https://platform.cstatic-images.com/medium/in/v2/stock_photos/f674de28-d6e8-4c32-8f88-6b91ba8105a7/36d5925c-673d-4208-86fa-974170858f9f.png,2024 Ford E-Transit,"51,490",Coupe
https://platform.cstatic-images.com/medium/in/v2/stock_photos/d7670fdb-ff04-42d3-94b7-16d97c772174/ee5dd154-3cd6-4774-bfc4-201d60a1ed9c.png,2025 Porsche Taycan Cross Turismo,"111,100",Coupe
https://platform.cstatic-images.com/medium/in/v2/stock_photos/e5e1a559-bda3-4c95-856b-de3c73d1e319/262575ea-b6c0-4a83-968c-3f03a516fcc9.png,2024 MINI Clubman,"34,050",Coupe
https://platform.cstatic-images.com/medium/in/v2/stock_photos/de8d1c71-44bc-49d7-9754-7757d1ae2685/8625596a-76fd-4d46-9547-5d22a6c3d0a4.png,2024 Audi A4 allroad,"47,600",Coupe
https://platform.cstatic-images.com/medium/in/v2/stock_photos/d6c00534-29b1-4b0c-8e4c-afdf264bee2f/a8e4361a-dd64-4437-819b-84c7d02fc87c.png,2024 Volvo V60 Recharge Plug-In Hybrid,"71,250",Coupe
https://platform.cstatic-images.com/medium/in/v2/stock_photos/01ca118d-7064-4146-aed6-9a485755e8d8/927967e3-842f-4c3f-851b-fc8714591f78.png,2024 Kia Telluride,"36,190",Hatchback
https://platform.cstatic-images.com/medium/in/v2/stock_photos/7e300871-2767-4a99-8644-d45bf4e3b59e/ead84a8d-1185-4327-a41c-58fac073687a.png,2024 Genesis Electrified GV70,"66,450",Hatchback
https://platform.cstatic-images.com/medium/in/v2/stock_photos/1f188042-cb21-4d12-b0c2-c9bf796fcb2e/500161f1-c5b0-4e05-acc4-ea64d0029cf5.png,2024 Chevrolet Trax,"20,400",Hatchback
https://platform.cstatic-images.com/medium/in/v2/stock_photos/1a441a85-229f-4ef1-a688-2e81105ae1d1/c7a05184-15e2-40b8-b01b-58a1f04f6909.png,2024 Ford F-250,"44,970",Hatchback
https://platform.cstatic-images.com/medium/in/v2/stock_photos/f4705bb2-a8ac-42b9-aa7a-6007a5be1972/cf2cc806-9dcf-4f36-9fce-7411677d2658.png,2024 Ford F-350,"46,015",Hatchback
https://platform.cstatic-images.com/medium/in/v2/stock_photos/99fad16a-3c8c-431f-9dc6-39f6c2c1e874/5fcba20a-ac86-4a3d-bbc0-f4f32de1385d.png,2024 Jeep Wrangler 4xe,"50,695",Hatchback
https://platform.cstatic-images.com/medium/in/v2/stock_photos/64e00059-791b-4dfd-bb58-8a98e36a3cf7/4d15223b-9f52-4fb0-b777-78b69526d777.png,2024 Audi RS 6 Avant,"125,800",Coupe
https://platform.cstatic-images.com/medium/in/v2/stock_photos/01ca118d-7064-4146-aed6-9a485755e8d8/927967e3-842f-4c3f-851b-fc8714591f78.png,2024 Kia Telluride,"36,190",Coupe
https://platform.cstatic-images.com/medium/in/v2/stock_photos/7e300871-2767-4a99-8644-d45bf4e3b59e/ead84a8d-1185-4327-a41c-58fac073687a.png,2024 Genesis Electrified GV70,"66,450",Coupe
https://platform.cstatic-images.com/medium/in/v2/stock_photos/1f188042-cb21-4d12-b0c2-c9bf796fcb2e/500161f1-c5b0-4e05-acc4-ea64d0029cf5.png,2024 Chevrolet Trax,"20,400",Coupe
https://platform.cstatic-images.com/medium/in/v2/stock_photos/1a441a85-229f-4ef1-a688-2e81105ae1d1/c7a05184-15e2-40b8-b01b-58a1f04f6909.png,2024 Ford F-250,"44,970",Coupe
https://platform.cstatic-images.com/medium/in/v2/stock_photos/e7617927-768f-46c2-9fdb-0ddd20ab374d/618c3295-feb4-40d2-8df5-00ae04ebb8dd.png,2024 Jeep Wrangler,"31,995",Hatchback
https://platform.cstatic-images.com/medium/in/v2/stock_photos/c7cebe61-27c0-4b89-a820-fe0b24766572/1c51062e-c1cc-498c-9de6-3c4e235c6fa7.png,2024 Hyundai IONIQ 5,"41,800",Hatchback
https://platform.cstatic-images.com/medium/in/v2/stock_photos/f4705bb2-a8ac-42b9-aa7a-6007a5be1972/cf2cc806-9dcf-4f36-9fce-7411677d2658.png,2024 Ford F-350,"46,015",Coupe
https://platform.cstatic-images.com/medium/in/v2/stock_photos/99fad16a-3c8c-431f-9dc6-39f6c2c1e874/5fcba20a-ac86-4a3d-bbc0-f4f32de1385d.png,2024 Jeep Wrangler 4xe,"50,695",Coupe
https://platform.cstatic-images.com/medium/in/v2/stock_photos/e7617927-768f-46c2-9fdb-0ddd20ab374d/618c3295-feb4-40d2-8df5-00ae04ebb8dd.png,2024 Jeep Wrangler,"31,995",Coupe
https://platform.cstatic-images.com/medium/in/v2/stock_photos/c7cebe61-27c0-4b89-a820-fe0b24766572/1c51062e-c1cc-498c-9de6-3c4e235c6fa7.png,2024 Hyundai IONIQ 5,"41,800",Coupe
